-- phpMyAdmin SQL Dump
-- version 3.3.7
-- http://www.phpmyadmin.net
--
-- 主机: localhost
-- 生成日期: 2014 年 01 月 03 日 19:41
-- 服务器版本: 5.1.65
-- PHP 版本: 5.2.17

SET SQL_MODE="NO_AUTO_VALUE_ON_ZERO";


/*!40101 SET @OLD_CHARACTER_SET_CLIENT=@@CHARACTER_SET_CLIENT */;
/*!40101 SET @OLD_CHARACTER_SET_RESULTS=@@CHARACTER_SET_RESULTS */;
/*!40101 SET @OLD_COLLATION_CONNECTION=@@COLLATION_CONNECTION */;
/*!40101 SET NAMES utf8 */;

--
-- 数据库: `ec_intelligence`
--

-- --------------------------------------------------------

--
-- 表的结构 `article`
--

DROP TABLE IF EXISTS `article`;
CREATE TABLE IF NOT EXISTS `article` (
  `id` bigint(20) NOT NULL AUTO_INCREMENT,
  `title` char(100) DEFAULT NULL COMMENT '标题',
  `affection` int(2) NOT NULL DEFAULT '0' COMMENT '情感说明 1:正面 0:中性 -1：负面''',
  `simple_content` varchar(200) DEFAULT NULL COMMENT '摘要内容',
  `grade` int(11) NOT NULL DEFAULT '0' COMMENT '内容等级',
  `url` char(255) DEFAULT NULL COMMENT '原网页地址',
  `brand_id` int(11) DEFAULT NULL COMMENT '品牌id',
  `serial_id` int(11) DEFAULT NULL COMMENT '产品id',
  `des_target` int(2) DEFAULT '0' COMMENT '描述对象（1主机厂，2:4s店，0：其它）',
  `des_content` int(2) DEFAULT '1' COMMENT '描述内容（1质量、2价格、3服务、0其它）',
  `has_comment` tinyint(1) DEFAULT '0' COMMENT '是否有评论（1有，0无）',
  `media_type` int(2) DEFAULT '0' COMMENT '传媒分类(1论坛,2新闻,3博客,4,微博，0其它）',
  `media_id` int(4) DEFAULT NULL COMMENT '媒体类型：1新闻，2论坛，3微博，4博客，0其它',
  `viewpoint_id` int(4) DEFAULT NULL COMMENT '观点ID',
  `city_id` int(4) DEFAULT NULL COMMENT '城市ID',
  `provice_id` int(4) DEFAULT NULL COMMENT '省份ID',
  `area_id` int(4) DEFAULT NULL COMMENT '区域id',
  `article_type` int(2) DEFAULT '1' COMMENT '文章类型 1:口碑 2:负面情报 3:其它',
  `article_ctime` char(20) NOT NULL COMMENT '文章发布时间',
  `ctime` datetime DEFAULT NULL,
  PRIMARY KEY (`id`),
  KEY `title_index` (`title`)
) ENGINE=InnoDB DEFAULT CHARSET=utf8 COMMENT='采集文章' AUTO_INCREMENT=1 ;

--
-- 转存表中的数据 `article`
--


-- --------------------------------------------------------

--
-- 表的结构 `article_comment`
--

DROP TABLE IF EXISTS `article_comment`;
CREATE TABLE IF NOT EXISTS `article_comment` (
  `id` bigint(20) NOT NULL AUTO_INCREMENT,
  `article_id` bigint(20) DEFAULT NULL COMMENT '文章ID',
  `content` varchar(200) DEFAULT NULL COMMENT '内容',
  `affection` tinyint(1) DEFAULT '0' COMMENT '情感（1好评，0中评，-1差评）',
  `ctime` datetime DEFAULT NULL,
  PRIMARY KEY (`id`)
) ENGINE=InnoDB DEFAULT CHARSET=utf8 COMMENT='文章评论' AUTO_INCREMENT=1 ;

--
-- 转存表中的数据 `article_comment`
--


-- --------------------------------------------------------

--
-- 表的结构 `article_keyword`
--

DROP TABLE IF EXISTS `article_keyword`;
CREATE TABLE IF NOT EXISTS `article_keyword` (
  `id` bigint(20) NOT NULL,
  `article_id` bigint(20) NOT NULL,
  `keyword_id` bigint(20) NOT NULL,
  PRIMARY KEY (`id`)
) ENGINE=InnoDB DEFAULT CHARSET=utf8 COMMENT='文章和关键字表';

--
-- 转存表中的数据 `article_keyword`
--


-- --------------------------------------------------------

--
-- 表的结构 `article_viewpoint`
--

DROP TABLE IF EXISTS `article_viewpoint`;
CREATE TABLE IF NOT EXISTS `article_viewpoint` (
  `id` int(11) NOT NULL AUTO_INCREMENT,
  `viewpoint_id` int(11) NOT NULL,
  `article_id` bigint(20) NOT NULL,
  PRIMARY KEY (`id`)
) ENGINE=InnoDB DEFAULT CHARSET=utf8 COMMENT='文章和观点表的关系表' AUTO_INCREMENT=1 ;

--
-- 转存表中的数据 `article_viewpoint`
--


-- --------------------------------------------------------

--
-- 表的结构 `baidu_hot_rank`
--

DROP TABLE IF EXISTS `baidu_hot_rank`;
CREATE TABLE IF NOT EXISTS `baidu_hot_rank` (
  `id` int(11) NOT NULL DEFAULT '0',
  `name` char(20) DEFAULT NULL COMMENT '品牌',
  `num` int(11) DEFAULT NULL COMMENT '搜索次数',
  `ctime` datetime DEFAULT NULL,
  PRIMARY KEY (`id`)
) ENGINE=InnoDB DEFAULT CHARSET=utf8 COMMENT='百度搜索排行';

--
-- 转存表中的数据 `baidu_hot_rank`
--


-- --------------------------------------------------------

--
-- 表的结构 `cloud`
--

DROP TABLE IF EXISTS `cloud`;
CREATE TABLE IF NOT EXISTS `cloud` (
  `id` bigint(20) NOT NULL AUTO_INCREMENT,
  `title` char(50) DEFAULT NULL,
  `hot_grade` tinyint(4) NOT NULL COMMENT '热度级别',
  `ctime` datetime DEFAULT NULL,
  PRIMARY KEY (`id`)
) ENGINE=InnoDB DEFAULT CHARSET=utf8 COMMENT='行业云动态' AUTO_INCREMENT=1 ;

--
-- 转存表中的数据 `cloud`
--


-- --------------------------------------------------------

--
-- 表的结构 `dict_area`
--

DROP TABLE IF EXISTS `dict_area`;
CREATE TABLE IF NOT EXISTS `dict_area` (
  `id` int(11) NOT NULL AUTO_INCREMENT,
  `name` char(50) DEFAULT NULL COMMENT '区域名称',
  `order_num` tinytext COMMENT '排序ID',
  PRIMARY KEY (`id`)
) ENGINE=InnoDB DEFAULT CHARSET=utf8 COMMENT='区域表' AUTO_INCREMENT=1 ;

--
-- 转存表中的数据 `dict_area`
--


-- --------------------------------------------------------

--
-- 表的结构 `dict_car_brand`
--

DROP TABLE IF EXISTS `dict_car_brand`;
CREATE TABLE IF NOT EXISTS `dict_car_brand` (
  `id` int(11) NOT NULL AUTO_INCREMENT COMMENT 'ID',
  `name` char(50) NOT NULL COMMENT '名称',
  `letter` char(2) DEFAULT NULL COMMENT '字母',
  `img` char(100) NOT NULL COMMENT '图片',
  `disabled` int(11) DEFAULT NULL COMMENT '是否有效（1：有效）',
  PRIMARY KEY (`id`)
) ENGINE=InnoDB  DEFAULT CHARSET=utf8 COMMENT='厂牌' AUTO_INCREMENT=123 ;

--
-- 转存表中的数据 `dict_car_brand`
--

INSERT INTO `dict_car_brand` (`id`, `name`, `letter`, `img`, `disabled`) VALUES
(1, '奥迪', 'A', 'http://y.ecarinfo.com/upload/car_logo/1_1446234_audi.png', 0),
(2, '阿斯顿马丁', 'A', 'http://y.ecarinfo.com/upload/car_logo/2_1446234_aston-martin.png', 0),
(3, 'AC宝马', 'A', 'http://y.ecarinfo.com/upload/car_logo/4_1743776_ACS8060.png', 0),
(4, '宝骏', 'B', 'http://y.ecarinfo.com/upload/car_logo/5_1446234_baojun.png', 0),
(5, '宾利', 'B', 'http://y.ecarinfo.com/upload/car_logo/6_1446234_bentley.png', 0),
(6, '宝马', 'B', 'http://y.ecarinfo.com/upload/car_logo/7_1446234_bmw.png', 0),
(7, '北汽威旺', 'B', 'http://y.ecarinfo.com/upload/car_logo/8_1531565_ww8060.png', 0),
(8, '比亚迪', 'B', 'http://y.ecarinfo.com/upload/car_logo/9_1446234_byd.png', 0),
(9, '布加迪', 'B', 'http://y.ecarinfo.com/upload/car_logo/10_1446234_bugatti.png', 0),
(10, '本田', 'B', 'http://y.ecarinfo.com/upload/car_logo/11_1446234_honda.png', 0),
(11, '北汽制造', 'B', 'http://y.ecarinfo.com/upload/car_logo/12_1446234_baw.png', 0),
(12, '奔驰', 'B', 'http://y.ecarinfo.com/upload/car_logo/13_1446234_benz.png', 0),
(13, '北京汽车', 'B', 'http://y.ecarinfo.com/upload/car_logo/14_1446234_beijingqiche.png', 0),
(14, '别克', 'B', 'http://y.ecarinfo.com/upload/car_logo/15_1511925_buick8060.png', 0),
(15, '标致', 'B', 'http://y.ecarinfo.com/upload/car_logo/16_1446890_peugeot.png', 0),
(16, '奔腾', 'B', 'http://y.ecarinfo.com/upload/car_logo/17_1615273_faw.png', 0),
(17, '巴博斯', 'B', 'http://y.ecarinfo.com/upload/car_logo/18_1875156_babosi8060.png', 0),
(18, '保时捷', 'B', 'http://y.ecarinfo.com/upload/car_logo/19_1446890_porsche.png', 0),
(19, '川汽野马', 'C', 'http://y.ecarinfo.com/upload/car_logo/20_1626266_yema8060.png', 0),
(20, '长丰', 'C', 'http://y.ecarinfo.com/upload/car_logo/21_1446234_changfeng.png', 0),
(21, '昌河', 'C', 'http://y.ecarinfo.com/upload/car_logo/22_1446234_changhe.png', 0),
(22, '长安', 'C', 'http://y.ecarinfo.com/upload/car_logo/23_1820082_changan8060.png', 0),
(23, '长城', 'C', 'http://y.ecarinfo.com/upload/car_logo/24_1446234_greatwall.png', 0),
(24, '长安商用', 'C', 'http://y.ecarinfo.com/upload/car_logo/25_1896417_CAshangyong.png', 0),
(25, '东南', 'D', 'http://y.ecarinfo.com/upload/car_logo/26_1446890_soueast-motor.png', 0),
(26, '帝豪', 'D', 'http://y.ecarinfo.com/upload/car_logo/27_1447012_dihao.png', 0),
(27, '大众', 'D', 'http://y.ecarinfo.com/upload/car_logo/28_1446890_volkswagen.png', 0),
(28, '道奇', 'D', 'http://y.ecarinfo.com/upload/car_logo/29_1447012_dodge.png', 0),
(29, '东风', 'D', 'http://y.ecarinfo.com/upload/car_logo/30_1447012_dongfeng.png', 0),
(30, '大迪', 'D', 'http://y.ecarinfo.com/upload/car_logo/31_1447012_dadi.png', 0),
(31, '大通', 'D', 'http://y.ecarinfo.com/upload/car_logo/32_1665648_datong.png', 0),
(32, 'DS', 'D', 'http://y.ecarinfo.com/upload/car_logo/33_2004011_DS8060.png', 0),
(33, '福特', 'F', 'http://y.ecarinfo.com/upload/car_logo/34_1446234_ford.png', 0),
(34, '风神', 'F', 'http://y.ecarinfo.com/upload/car_logo/35_1447032_dongfengfengshen.png', 0),
(35, '福田', 'F', 'http://y.ecarinfo.com/upload/car_logo/36_1705489_futian8060.png', 0),
(36, '福迪', 'F', 'http://y.ecarinfo.com/upload/car_logo/37_1446234_fudi.png', 0),
(37, '丰田', 'F', 'http://y.ecarinfo.com/upload/car_logo/38_1446890_toyota.png', 0),
(38, '菲亚特', 'F', 'http://y.ecarinfo.com/upload/car_logo/39_1446234_fiat.png', 0),
(39, '法拉利', 'F', 'http://y.ecarinfo.com/upload/car_logo/40_1446234_ferrari.png', 0),
(40, '广汽', 'G', 'http://y.ecarinfo.com/upload/car_logo/41_1446234_guangqi.png', 0),
(41, 'GMC', 'G', 'http://y.ecarinfo.com/upload/car_logo/42_1446234_gmc.png', 0),
(42, '光冈', 'G', 'http://y.ecarinfo.com/upload/car_logo/43_1446234_guanggang.png', 0),
(43, '海马', 'H', 'http://y.ecarinfo.com/upload/car_logo/44_1446234_haima.png', 0),
(44, '海马郑州', 'H', 'http://y.ecarinfo.com/upload/car_logo/45_1446234_haimashangyong.png', 0),
(45, '红旗', 'H', 'http://y.ecarinfo.com/upload/car_logo/46_1446234_hongqi.png', 0),
(46, '悍马', 'H', 'http://y.ecarinfo.com/upload/car_logo/47_1446234_hummer.png', 0),
(47, '华普', 'H', 'http://y.ecarinfo.com/upload/car_logo/48_1446234_huapu.png', 0),
(48, '华泰', 'H', 'http://y.ecarinfo.com/upload/car_logo/49_1446234_huatai.png', 0),
(49, '黄海', 'H', 'http://y.ecarinfo.com/upload/car_logo/50_1446234_huanghai.png', 0),
(50, '哈飞', 'H', 'http://y.ecarinfo.com/upload/car_logo/51_1446234_hafei.png', 0),
(51, '吉利', 'J', 'http://y.ecarinfo.com/upload/car_logo/52_1446234_geely.png', 0),
(52, '江铃', 'J', 'http://y.ecarinfo.com/upload/car_logo/53_1446234_jiangling.png', 0),
(53, '九龙', 'J', 'http://y.ecarinfo.com/upload/car_logo/54_1451708_jiulong.png', 0),
(54, '吉奥', 'J', 'http://y.ecarinfo.com/upload/car_logo/55_1520427_ja8060.png', 0),
(55, '吉普', 'J', 'http://y.ecarinfo.com/upload/car_logo/56_1446234_jeep.png', 0),
(56, '金杯', 'J', 'http://y.ecarinfo.com/upload/car_logo/57_1446234_huachenjinbei.png', 0),
(57, '江淮', 'J', 'http://y.ecarinfo.com/upload/car_logo/58_1446234_jac.png', 0),
(58, '捷豹', 'J', 'http://y.ecarinfo.com/upload/car_logo/59_1917771_Jaguar8060.png', 0),
(59, '开瑞', 'K', 'http://y.ecarinfo.com/upload/car_logo/60_1446890_karry.png', 0),
(60, '克莱斯勒', 'K', 'http://y.ecarinfo.com/upload/car_logo/61_1958048_Chrysler8060.png', 0),
(61, '凯迪拉克', 'K', 'http://y.ecarinfo.com/upload/car_logo/62_1446234_cadillac.png', 0),
(62, '科尼赛克', 'K', 'http://y.ecarinfo.com/upload/car_logo/63_1446890_koenigsegg.png', 0),
(63, '卡尔森', 'K', 'http://y.ecarinfo.com/upload/car_logo/64_1745346_carlsson8060.png', 0),
(64, '雷诺', 'L', 'http://y.ecarinfo.com/upload/car_logo/65_1446890_renault.png', 0),
(65, '莲花', 'L', 'http://y.ecarinfo.com/upload/car_logo/66_1446890_lotus-motor.png', 0),
(66, '林肯', 'L', 'http://y.ecarinfo.com/upload/car_logo/67_1446890_lincoln.png', 0),
(67, '路特斯', 'L', 'http://y.ecarinfo.com/upload/car_logo/68_1735232_Lotus8060.png', 0),
(68, '劳伦士', 'L', 'http://y.ecarinfo.com/upload/car_logo/69_1528840_8060.png', 0),
(69, '劳斯莱斯', 'L', 'http://y.ecarinfo.com/upload/car_logo/70_1446890_rolls-royce.png', 0),
(70, '铃木', 'L', 'http://y.ecarinfo.com/upload/car_logo/71_1446890_suzuki.png', 0),
(71, '理念', 'L', 'http://y.ecarinfo.com/upload/car_logo/72_1455155_ln.png', 0),
(72, '雷克萨斯', 'L', 'http://y.ecarinfo.com/upload/car_logo/73_1446890_lexus.png', 0),
(73, '陆风', 'L', 'http://y.ecarinfo.com/upload/car_logo/74_1446890_lufeng.png', 0),
(74, '力帆', 'L', 'http://y.ecarinfo.com/upload/car_logo/75_1446890_lifan.png', 0),
(75, '路虎', 'L', 'http://y.ecarinfo.com/upload/car_logo/76_1446890_landrover.png', 0),
(76, '兰博基尼', 'L', 'http://y.ecarinfo.com/upload/car_logo/77_1447114_5.png', 0),
(77, '劳恩斯', 'L', 'http://y.ecarinfo.com/upload/car_logo/78_1849119_ROHENS8060.png', 0),
(78, '马自达', 'M', 'http://y.ecarinfo.com/upload/car_logo/79_1446890_mazda.png', 0),
(79, 'MINI', 'M', 'http://y.ecarinfo.com/upload/car_logo/80_1446890_mini.png', 0),
(80, '迈巴赫', 'M', 'http://y.ecarinfo.com/upload/car_logo/81_1446890_maybach.png', 0),
(81, 'MG', 'M', 'http://y.ecarinfo.com/upload/car_logo/82_1446890_mg.png', 0),
(82, '玛莎拉蒂', 'M', 'http://y.ecarinfo.com/upload/car_logo/83_1446890_maserati.png', 0),
(83, '纳智捷', 'N', 'http://y.ecarinfo.com/upload/car_logo/85_1486099_nazhijie8060.png', 0),
(84, '讴歌', 'O', 'http://y.ecarinfo.com/upload/car_logo/86_1446234_acura.png', 0),
(85, '欧宝', 'O', 'http://y.ecarinfo.com/upload/car_logo/87_1446890_opel.png', 0),
(86, '欧朗', 'O', 'http://y.ecarinfo.com/upload/car_logo/88_1978750_Oley8060.png', 0),
(87, '奇瑞', 'Q', 'http://y.ecarinfo.com/upload/car_logo/90_1446234_chery.png', 0),
(88, '起亚', 'Q', 'http://y.ecarinfo.com/upload/car_logo/91_1446890_kia.png', 0),
(89, '全球鹰', 'Q', 'http://y.ecarinfo.com/upload/car_logo/92_1446890_quanqiuying.png', 0),
(90, '启辰', 'Q', 'http://y.ecarinfo.com/upload/car_logo/93_1507929_qichen8060.png', 0),
(91, '瑞麒', 'R', 'http://y.ecarinfo.com/upload/car_logo/94_1446890_riich.png', 0),
(92, '日产', 'R', 'http://y.ecarinfo.com/upload/car_logo/96_1446890_nissan.png', 0),
(93, '荣威', 'R', 'http://y.ecarinfo.com/upload/car_logo/97_1446890_roewe.png', 0),
(94, '世爵', 'S', 'http://y.ecarinfo.com/upload/car_logo/98_1446890_spykers.png', 0),
(95, '斯柯达', 'S', 'http://y.ecarinfo.com/upload/car_logo/99_1981226_skoda8060.png', 0),
(96, 'Smart', 'S', 'http://y.ecarinfo.com/upload/car_logo/100_1446890_smart.png', 0),
(97, '斯巴鲁', 'S', 'http://y.ecarinfo.com/upload/car_logo/101_1446890_subaru.png', 0),
(98, '萨博', 'S', 'http://y.ecarinfo.com/upload/car_logo/102_1446890_saab.png', 0),
(99, '双环', 'S', 'http://y.ecarinfo.com/upload/car_logo/103_1446890_shuanghuan.png', 0),
(100, '三菱', 'S', 'http://y.ecarinfo.com/upload/car_logo/104_1446890_mitsubishi.png', 0),
(101, '双龙', 'S', 'http://y.ecarinfo.com/upload/car_logo/105_1446890_shuanglong.png', 0),
(102, '思铭', 'S', 'http://y.ecarinfo.com/upload/car_logo/106_1931093_SM8060.png', 1),
(103, '沃尔沃', 'W', 'http://y.ecarinfo.com/upload/car_logo/108_1446890_volvo.png', 0),
(104, '威麟', 'W', 'http://y.ecarinfo.com/upload/car_logo/109_1446890_ruilink.png', 0),
(105, '五菱', 'W', 'http://y.ecarinfo.com/upload/car_logo/110_1446890_wuling.png', 0),
(106, '威兹曼', 'W', 'http://y.ecarinfo.com/upload/car_logo/111_1923565_wiesmann8060.png', 0),
(107, '雪佛兰', 'X', 'http://y.ecarinfo.com/upload/car_logo/112_1446234_chevrolet.png', 0),
(108, '西雅特', 'X', 'http://y.ecarinfo.com/upload/car_logo/113_1486068_seat8060.png', 0),
(109, '现代', 'X', 'http://y.ecarinfo.com/upload/car_logo/114_1807150_xiandai8060.png', 0),
(110, '厦门金龙', 'X', 'http://y.ecarinfo.com/upload/car_logo/115_1446234_jinlonglianhe.png', 0),
(111, '雪铁龙', 'X', 'http://y.ecarinfo.com/upload/car_logo/116_1446234_citroen.png', 0),
(112, '英伦汽车', 'Y', 'http://y.ecarinfo.com/upload/car_logo/117_1446890_yinglun.png', 0),
(113, '一汽', 'Y', 'http://y.ecarinfo.com/upload/car_logo/118_1615273_faw.png', 0),
(114, '依维柯', 'Y', 'http://y.ecarinfo.com/upload/car_logo/119_1446234_iveco.png', 0),
(115, '永源', 'Y', 'http://y.ecarinfo.com/upload/car_logo/120_1760358_yongyuan8060.png', 0),
(116, '英菲尼迪', 'Y', 'http://y.ecarinfo.com/upload/car_logo/121_1446234_infiniti.png', 0),
(117, '雅科仕', 'Y', 'http://y.ecarinfo.com/upload/car_logo/122_1848901_EQUUS8060.png', 0),
(118, '中顺', 'Z', 'http://y.ecarinfo.com/upload/car_logo/123_1328198_zs.png', 0),
(119, '中华', 'Z', 'http://y.ecarinfo.com/upload/car_logo/124_1446890_zhonghua.png', 0),
(120, '中欧', 'Z', 'http://y.ecarinfo.com/upload/car_logo/125_1451297_zhongou.png', 0),
(121, '众泰', 'Z', 'http://y.ecarinfo.com/upload/car_logo/126_1573305_zhongtai8060.png', 0),
(122, '中兴', 'Z', 'http://y.ecarinfo.com/upload/car_logo/127_1446890_zhongxing.png', 0);

-- --------------------------------------------------------

--
-- 表的结构 `dict_car_serial`
--

DROP TABLE IF EXISTS `dict_car_serial`;
CREATE TABLE IF NOT EXISTS `dict_car_serial` (
  `id` int(11) NOT NULL AUTO_INCREMENT COMMENT 'ID',
  `name` char(50) NOT NULL COMMENT '名称',
  `brand_id` int(11) DEFAULT NULL COMMENT '厂牌',
  `brand_name` char(50) DEFAULT NULL,
  `disabled` int(11) DEFAULT NULL COMMENT '是否有效',
  PRIMARY KEY (`id`)
) ENGINE=InnoDB  DEFAULT CHARSET=utf8 COMMENT='车系' AUTO_INCREMENT=890 ;

--
-- 转存表中的数据 `dict_car_serial`
--

INSERT INTO `dict_car_serial` (`id`, `name`, `brand_id`, `brand_name`, `disabled`) VALUES
(1, '奥迪A4L', 1, '奥迪', 0),
(2, '奥迪A6L', 1, '奥迪', 0),
(3, '奥迪Q5', 1, '奥迪', 0),
(4, '奥迪A1', 1, '奥迪', 0),
(5, '奥迪A3', 1, '奥迪', 0),
(6, '奥迪A5', 1, '奥迪', 0),
(7, '奥迪A7', 1, '奥迪', 0),
(8, '奥迪A8L', 1, '奥迪', 0),
(9, '奥迪Q3(进口)', 1, '奥迪', 0),
(10, '奥迪Q5(进口)', 1, '奥迪', 0),
(11, '奥迪Q7', 1, '奥迪', 0),
(12, '奥迪R8', 1, '奥迪', 0),
(13, '奥迪S5', 1, '奥迪', 0),
(14, '奥迪TT', 1, '奥迪', 0),
(15, 'DB9', 2, '阿斯顿马丁', 0),
(16, 'DBS', 2, '阿斯顿马丁', 0),
(17, 'Rapide', 2, '阿斯顿马丁', 0),
(18, 'V12 Vantage', 2, '阿斯顿马丁', 0),
(19, 'V8 Vantage', 2, '阿斯顿马丁', 0),
(20, 'Virage', 2, '阿斯顿马丁', 0),
(21, 'AC M5 700', 3, 'AC宝马', 0),
(22, 'AC M6 700', 3, 'AC宝马', 0),
(23, 'ACS 5', 3, 'AC宝马', 0),
(24, 'ACS 6', 3, 'AC宝马', 0),
(25, 'ACS 7', 3, 'AC宝马', 0),
(26, '乐驰', 4, '宝骏', 0),
(27, '宝骏630', 4, '宝骏', 0),
(28, '慕尚', 5, '宾利', 0),
(29, '欧陆', 5, '宾利', 0),
(30, '雅致', 5, '宾利', 0),
(31, '宝马3系', 6, '宝马', 0),
(32, '宝马5系', 6, '宝马', 0),
(33, '宝马X1', 6, '宝马', 0),
(34, '宝马1系', 6, '宝马', 0),
(35, '宝马3系(进口)', 6, '宝马', 0),
(36, '宝马5系(进口)', 6, '宝马', 0),
(37, '宝马6系', 6, '宝马', 0),
(38, '宝马7系', 6, '宝马', 0),
(39, '宝马X1(进口)', 6, '宝马', 0),
(40, '宝马X3', 6, '宝马', 0),
(41, '宝马X5', 6, '宝马', 0),
(42, '宝马X6', 6, '宝马', 0),
(43, '宝马Z4', 6, '宝马', 0),
(44, '宝马1系M', 6, '宝马', 0),
(45, '宝马M3', 6, '宝马', 0),
(46, '宝马M5', 6, '宝马', 0),
(47, '宝马M6', 6, '宝马', 0),
(48, '宝马X5 M', 6, '宝马', 0),
(49, '宝马X6 M', 6, '宝马', 0),
(50, '北汽威旺306', 7, '北汽威旺', 0),
(51, '比亚迪e6', 8, '比亚迪', 0),
(52, '比亚迪F0', 8, '比亚迪', 0),
(53, '比亚迪F3', 8, '比亚迪', 0),
(54, '比亚迪F3DM', 8, '比亚迪', 0),
(55, '比亚迪F3R', 8, '比亚迪', 0),
(56, '比亚迪F6', 8, '比亚迪', 0),
(57, '比亚迪G3', 8, '比亚迪', 0),
(58, '比亚迪G3R', 8, '比亚迪', 0),
(59, '比亚迪G6', 8, '比亚迪', 0),
(60, '比亚迪L3', 8, '比亚迪', 0),
(61, '比亚迪M6', 8, '比亚迪', 0),
(62, '比亚迪S6', 8, '比亚迪', 0),
(63, '比亚迪S8', 8, '比亚迪', 0),
(64, '威航', 9, '布加迪', 0),
(65, '思域', 10, '本田', 0),
(66, '思铂睿', 10, '本田', 0),
(67, '本田CR-V', 10, '本田', 0),
(68, '艾力绅', 10, '本田', 0),
(69, '奥德赛', 10, '本田', 0),
(70, '思迪', 10, '本田', 0),
(71, '歌诗图', 10, '本田', 0),
(72, '锋范', 10, '本田', 0),
(73, '雅阁', 10, '本田', 0),
(74, '飞度', 10, '本田', 0),
(75, '本田CR-Z', 10, '本田', 0),
(76, '域胜007', 11, '北汽制造', 0),
(77, '战旗', 11, '北汽制造', 0),
(78, '陆铃', 11, '北汽制造', 0),
(79, '陆霸', 11, '北汽制造', 0),
(80, '骑士S12', 11, '北汽制造', 0),
(81, '奔驰C级', 12, '奔驰', 0),
(82, '奔驰E级', 12, '奔驰', 0),
(83, '奔驰GLK', 12, '奔驰', 0),
(84, '唯雅诺(进口)', 12, '奔驰', 0),
(85, '奔驰A级', 12, '奔驰', 0),
(86, '奔驰B级', 12, '奔驰', 0),
(87, '奔驰CL', 12, '奔驰', 0),
(88, '奔驰CLK', 12, '奔驰', 0),
(89, '奔驰CLS', 12, '奔驰', 0),
(90, '奔驰C级(进口)', 12, '奔驰', 0),
(91, '奔驰E级(进口)', 12, '奔驰', 0),
(92, '奔驰GL', 12, '奔驰', 0),
(93, '奔驰GLK(进口)', 12, '奔驰', 0),
(94, '奔驰G级', 12, '奔驰', 0),
(95, '奔驰M级', 12, '奔驰', 0),
(96, '奔驰R级', 12, '奔驰', 0),
(97, '奔驰SL', 12, '奔驰', 0),
(98, '奔驰SLK', 12, '奔驰', 0),
(99, '奔驰S级', 12, '奔驰', 0),
(100, '斯宾特', 12, '奔驰', 0),
(101, '奔驰CLS AMG', 12, '奔驰', 0),
(102, '奔驰C级AMG', 12, '奔驰', 0),
(103, '奔驰G级AMG', 12, '奔驰', 0),
(104, '奔驰M级AMG', 12, '奔驰', 0),
(105, '奔驰SLK AMG', 12, '奔驰', 0),
(106, '奔驰SLS AMG', 12, '奔驰', 0),
(107, '奔驰SL级AMG', 12, '奔驰', 0),
(108, '奔驰S级AMG', 12, '奔驰', 0),
(109, '凌特', 12, '奔驰', 0),
(110, '唯雅诺', 12, '奔驰', 0),
(111, '威霆', 12, '奔驰', 0),
(112, '北京汽车E系列', 13, '北京汽车', 0),
(113, '凯越', 14, '别克', 0),
(114, '别克GL8', 14, '别克', 0),
(115, '君威', 14, '别克', 0),
(116, '君威GS', 14, '别克', 0),
(117, '君越', 14, '别克', 0),
(118, '林荫大道', 14, '别克', 0),
(119, '英朗GT', 14, '别克', 0),
(120, '英朗XT', 14, '别克', 0),
(121, '荣御', 14, '别克', 0),
(122, '昂科雷', 14, '别克', 0),
(123, '标致206', 15, '标致', 0),
(124, '标致207', 15, '标致', 0),
(125, '标致307', 15, '标致', 0),
(126, '标致308', 15, '标致', 0),
(127, '标致408', 15, '标致', 0),
(128, '标致508', 15, '标致', 0),
(129, '标致206(进口)', 15, '标致', 0),
(130, '标致207(进口)', 15, '标致', 0),
(131, '标致3008(进口)', 15, '标致', 0),
(132, '标致308(进口)', 15, '标致', 0),
(133, '标致4008', 15, '标致', 0),
(134, '标致407', 15, '标致', 0),
(135, '标致607', 15, '标致', 0),
(136, '标致RCZ', 15, '标致', 0),
(137, '奔腾B50', 16, '奔腾', 0),
(138, '奔腾B70', 16, '奔腾', 0),
(139, '巴博斯 S级', 17, '巴博斯', 0),
(140, '保时捷911', 18, '保时捷', 0),
(141, '保时捷Boxster', 18, '保时捷', 0),
(142, '保时捷Cayman', 18, '保时捷', 0),
(143, '保时捷Panamera', 18, '保时捷', 0),
(144, '卡宴', 18, '保时捷', 0),
(145, '野马F10', 19, '川汽野马', 0),
(146, '野马F12', 19, '川汽野马', 0),
(147, '野马F99', 19, '川汽野马', 0),
(148, '飞铃', 20, '长丰', 0),
(149, '帕杰罗', 20, '长丰', 0),
(150, '猎豹CS6', 20, '长丰', 0),
(151, '猎豹DUV', 20, '长丰', 0),
(152, '猎豹奇兵', 20, '长丰', 0),
(153, '飞腾', 20, '长丰', 0),
(154, '骐菱', 20, '长丰', 0),
(155, '黑金刚', 20, '长丰', 0),
(156, '爱迪尔', 21, '昌河', 0),
(157, '福瑞达', 21, '昌河', 0),
(158, '福运', 21, '昌河', 0),
(159, '奔奔i', 22, '长安', 0),
(160, '奔奔Love', 22, '长安', 0),
(161, '奔奔Mini', 22, '长安', 0),
(162, '志翔', 22, '长安', 0),
(163, '悦翔', 22, '长安', 0),
(164, '悦翔V3', 22, '长安', 0),
(165, '杰勋', 22, '长安', 0),
(166, '逸动', 22, '长安', 0),
(167, '长安CX20', 22, '长安', 0),
(168, '长安CX30', 22, '长安', 0),
(169, '凌傲', 23, '长城', 0),
(170, '哈弗H3', 23, '长城', 0),
(171, '哈弗H5', 23, '长城', 0),
(172, '哈弗H6', 23, '长城', 0),
(173, '哈弗M1', 23, '长城', 0),
(174, '哈弗M2', 23, '长城', 0),
(175, '哈弗M4', 23, '长城', 0),
(176, '哈弗派', 23, '长城', 0),
(177, '嘉誉', 23, '长城', 0),
(178, '炫丽', 23, '长城', 0),
(179, '精灵', 23, '长城', 0),
(180, '赛弗', 23, '长城', 0),
(181, '赛影', 23, '长城', 0),
(182, '赛铃', 23, '长城', 0),
(183, '迪尔', 23, '长城', 0),
(184, '酷熊', 23, '长城', 0),
(185, '长城C20R', 23, '长城', 0),
(186, '长城C30', 23, '长城', 0),
(187, '长城C50', 23, '长城', 0),
(188, '长城V80', 23, '长城', 0),
(189, '风骏3', 23, '长城', 0),
(190, '风骏5', 23, '长城', 0),
(191, '金牛星', 24, '长安商用', 0),
(192, '长安之星', 24, '长安商用', 0),
(193, '长安之星2', 24, '长安商用', 0),
(194, '长安星光', 24, '长安商用', 0),
(195, '长安星卡', 24, '长安商用', 0),
(196, '长安欧诺', 24, '长安商用', 0),
(197, 'V3菱悦', 25, '东南', 0),
(198, '富利卡', 25, '东南', 0),
(199, '希旺', 25, '东南', 0),
(200, '得利卡', 25, '东南', 0),
(201, '菱利', 25, '东南', 0),
(202, '菱帅', 25, '东南', 0),
(203, '菱绅', 25, '东南', 0),
(204, '帝豪EC7', 26, '帝豪', 0),
(205, '帝豪EC7-RV', 26, '帝豪', 0),
(206, '帝豪EC8', 26, '帝豪', 0),
(207, '大众CC', 27, '大众', 0),
(208, '宝来', 27, '大众', 0),
(209, '捷达', 27, '大众', 0),
(210, '迈腾', 27, '大众', 0),
(211, '速腾', 27, '大众', 0),
(212, '高尔夫', 27, '大众', 0),
(213, '大众Polo', 27, '大众', 0),
(214, '帕萨特', 27, '大众', 0),
(215, '志俊', 27, '大众', 0),
(216, '朗逸', 27, '大众', 0),
(217, '桑塔纳', 27, '大众', 0),
(218, '途安', 27, '大众', 0),
(219, '途观', 27, '大众', 0),
(220, '领驭', 27, '大众', 0),
(221, 'Multivan', 27, '大众', 0),
(222, 'Tiguan', 27, '大众', 0),
(223, '夏朗', 27, '大众', 0),
(224, '大众CC(进口)', 27, '大众', 0),
(225, '大众EOS', 27, '大众', 0),
(226, '大众GTI', 27, '大众', 0),
(227, '大众R36', 27, '大众', 0),
(228, '大众Variant', 27, '大众', 0),
(229, '尚酷', 27, '大众', 0),
(230, '甲壳虫', 27, '大众', 0),
(231, '辉腾', 27, '大众', 0),
(232, '迈腾(进口)', 27, '大众', 0),
(233, '途锐', 27, '大众', 0),
(234, '高尔夫(进口)', 27, '大众', 0),
(235, '凯领', 28, '道奇', 0),
(236, '酷威', 28, '道奇', 0),
(237, '酷搏', 28, '道奇', 0),
(238, '锋哲', 28, '道奇', 0),
(239, '小康K系', 29, '东风', 0),
(240, '小康V系', 29, '东风', 0),
(241, '御风', 29, '东风', 0),
(242, '景逸', 29, '东风', 0),
(243, '景逸SUV', 29, '东风', 0),
(244, '菱智', 29, '东风', 0),
(245, '大迪霸道', 30, '大迪', 0),
(246, '大迪顺驰', 30, '大迪', 0),
(247, '都市威菱', 30, '大迪', 0),
(248, '大通V80', 31, '大通', 0),
(249, 'DS4', 32, 'DS', 0),
(250, 'DS5', 32, 'DS', 0),
(251, '福特Explorer', 33, '福特', 0),
(252, '野马', 33, '福特', 0),
(253, '锐界', 33, '福特', 0),
(254, '嘉年华', 33, '福特', 0),
(255, '福克斯', 33, '福特', 0),
(256, '蒙迪欧', 33, '福特', 0),
(257, '蒙迪欧-致胜', 33, '福特', 0),
(258, '麦柯斯', 33, '福特', 0),
(259, '风神A60', 34, '风神', 0),
(260, '风神H30', 34, '风神', 0),
(261, '风神S30', 34, '风神', 0),
(262, 'MP-X蒙派克', 35, '福田', 0),
(263, '拓陆者', 35, '福田', 0),
(264, '福田风景', 35, '福田', 0),
(265, '萨普', 35, '福田', 0),
(266, '迷迪', 35, '福田', 0),
(267, '小超人', 36, '福迪', 0),
(268, '探索者II', 36, '福迪', 0),
(269, '雄狮', 36, '福迪', 0),
(270, '丰田RAV4', 37, '丰田', 0),
(271, '兰德酷路泽', 37, '丰田', 0),
(272, '卡罗拉', 37, '丰田', 0),
(273, '威驰', 37, '丰田', 0),
(274, '普拉多', 37, '丰田', 0),
(275, '普锐斯', 37, '丰田', 0),
(276, '特锐', 37, '丰田', 0),
(277, '皇冠', 37, '丰田', 0),
(278, '花冠', 37, '丰田', 0),
(279, '锐志', 37, '丰田', 0),
(280, 'FJ酷路泽', 37, '丰田', 0),
(281, '坦途', 37, '丰田', 0),
(282, '埃尔法Alphard', 37, '丰田', 0),
(283, '塞纳', 37, '丰田', 0),
(284, '普拉多(进口)', 37, '丰田', 0),
(285, '普瑞维亚', 37, '丰田', 0),
(286, '杰路驰Zelas', 37, '丰田', 0),
(287, '红杉', 37, '丰田', 0),
(288, '柯斯达', 37, '丰田', 0),
(289, '凯美瑞', 37, '丰田', 0),
(290, '汉兰达', 37, '丰田', 0),
(291, '逸致', 37, '丰田', 0),
(292, '雅力士', 37, '丰田', 0),
(293, '派力奥', 38, '菲亚特', 0),
(294, '派朗', 38, '菲亚特', 0),
(295, '西耶那', 38, '菲亚特', 0),
(296, '菲翔Viaggio', 38, '菲亚特', 0),
(297, '博悦', 38, '菲亚特', 0),
(298, '朋多', 38, '菲亚特', 0),
(299, '菲亚特500', 38, '菲亚特', 0),
(300, '菲跃', 38, '菲亚特', 0),
(301, '领雅', 38, '菲亚特', 0),
(302, '法拉利458', 39, '法拉利', 0),
(303, '法拉利599', 39, '法拉利', 0),
(304, '法拉利California', 39, '法拉利', 0),
(305, '法拉利F12 Berlinetta', 39, '法拉利', 0),
(306, '法拉利F430', 39, '法拉利', 0),
(307, '法拉利FF', 39, '法拉利', 0),
(308, '传祺', 40, '广汽', 0),
(309, '传祺GS5', 40, '广汽', 0),
(310, 'GMC', 41, 'GMC', 0),
(311, '大蛇OROCHI', 42, '光冈', 0),
(312, '女王HIMIKO', 42, '光冈', 0),
(313, '丘比特', 43, '海马', 0),
(314, '普力马', 43, '海马', 0),
(315, '欢动', 43, '海马', 0),
(316, '海福星', 43, '海马', 0),
(317, '海马3', 43, '海马', 0),
(318, '福美来', 43, '海马', 0),
(319, '骑士', 43, '海马', 0),
(320, '海马爱尚', 44, '海马郑州', 0),
(321, '王子', 44, '海马郑州', 0),
(322, '福仕达', 44, '海马郑州', 0),
(323, '盛世', 45, '红旗', 0),
(324, '悍马H2', 46, '悍马', 0),
(325, '悍马H3', 46, '悍马', 0),
(326, '海域', 47, '华普', 0),
(327, '海尚', 47, '华普', 0),
(328, '海悦', 47, '华普', 0),
(329, '海炫', 47, '华普', 0),
(330, '海迅', 47, '华普', 0),
(331, '海锋', 47, '华普', 0),
(332, '华泰B11', 48, '华泰', 0),
(333, '圣达菲', 48, '华泰', 0),
(334, '圣达菲C9', 48, '华泰', 0),
(335, '宝利格', 48, '华泰', 0),
(336, '特拉卡', 48, '华泰', 0),
(337, '傲骏', 49, '黄海', 0),
(338, '大柴神', 49, '黄海', 0),
(339, '小柴神', 49, '黄海', 0),
(340, '挑战者SUV', 49, '黄海', 0),
(341, '旗胜F1', 49, '黄海', 0),
(342, '旗胜V3', 49, '黄海', 0),
(343, '翱龙', 49, '黄海', 0),
(344, '中意', 50, '哈飞', 0),
(345, '民意', 50, '哈飞', 0),
(346, '赛豹', 50, '哈飞', 0),
(347, '赛马', 50, '哈飞', 0),
(348, '路宝', 50, '哈飞', 0),
(349, '路尊', 50, '哈飞', 0),
(350, '优利欧', 51, '吉利', 0),
(351, '美人豹', 51, '吉利', 0),
(352, '美日', 51, '吉利', 0),
(353, '豪情', 51, '吉利', 0),
(354, '全顺', 52, '江铃', 0),
(355, '凯运', 52, '江铃', 0),
(356, '宝典', 52, '江铃', 0),
(357, '宝威', 52, '江铃', 0),
(358, '驭胜', 52, '江铃', 0),
(359, '九龙商务车', 53, '九龙', 0),
(360, '奥轩G3', 54, '吉奥', 0),
(361, '奥轩G5', 54, '吉奥', 0),
(362, '奥轩GX5', 54, '吉奥', 0),
(363, '帅舰', 54, '吉奥', 0),
(364, '星旺', 54, '吉奥', 0),
(365, '财运100', 54, '吉奥', 0),
(366, '财运300', 54, '吉奥', 0),
(367, '财运500', 54, '吉奥', 0),
(368, '大切诺基', 55, '吉普', 0),
(369, '指南者', 55, '吉普', 0),
(370, '指挥官', 55, '吉普', 0),
(371, '牧马人', 55, '吉普', 0),
(372, '自由客', 55, '吉普', 0),
(373, '大海狮', 56, '金杯', 0),
(374, '智尚S30', 56, '金杯', 0),
(375, '海星', 56, '金杯', 0),
(376, '海狮', 56, '金杯', 0),
(377, '金杯S50', 56, '金杯', 0),
(378, '锐驰', 56, '金杯', 0),
(379, '阁瑞斯', 56, '金杯', 0),
(380, '金典', 56, '金杯', 0),
(381, '金杯霸道', 56, '金杯', 0),
(382, '同悦', 57, '江淮', 0),
(383, '同悦RS', 57, '江淮', 0),
(384, '和悦', 57, '江淮', 0),
(385, '和悦RS', 57, '江淮', 0),
(386, '宾悦', 57, '江淮', 0),
(387, '悦悦', 57, '江淮', 0),
(388, '星锐', 57, '江淮', 0),
(389, '瑞风', 57, '江淮', 0),
(390, '瑞风II', 57, '江淮', 0),
(391, '瑞鹰', 57, '江淮', 0),
(392, '捷豹S-TYPE', 58, '捷豹', 0),
(393, '捷豹XF', 58, '捷豹', 0),
(394, '捷豹XJ', 58, '捷豹', 0),
(395, '捷豹XK', 58, '捷豹', 0),
(396, '优优', 59, '开瑞', 0),
(397, '优劲', 59, '开瑞', 0),
(398, '优派', 59, '开瑞', 0),
(399, '优胜', 59, '开瑞', 0),
(400, '优雅', 59, '开瑞', 0),
(401, 'PT漫步者', 60, '克莱斯勒', 0),
(402, '克莱斯勒300C', 60, '克莱斯勒', 0),
(403, '大捷龙', 60, '克莱斯勒', 0),
(404, 'SLS赛威', 61, '凯迪拉克', 0),
(405, '凯迪拉克CTS', 61, '凯迪拉克', 0),
(406, '凯迪拉克CTS-V', 61, '凯迪拉克', 0),
(407, '凯迪拉克EXT', 61, '凯迪拉克', 0),
(408, '凯迪拉克SRX', 61, '凯迪拉克', 0),
(409, '凯迪拉克XLR', 61, '凯迪拉克', 0),
(410, '凯雷德Escalade', 61, '凯迪拉克', 0),
(411, '科尼赛克CCXR', 62, '科尼赛克', 0),
(412, '卡尔森C25', 63, '卡尔森', 0),
(413, '卡尔森CGL45', 63, '卡尔森', 0),
(414, '卡尔森CS60', 63, '卡尔森', 0),
(415, '塔利斯曼', 64, '雷诺', 0),
(416, '拉古那', 64, '雷诺', 0),
(417, '梅甘娜', 64, '雷诺', 0),
(418, '科雷傲', 64, '雷诺', 0),
(419, '纬度', 64, '雷诺', 0),
(420, '雷诺风景', 64, '雷诺', 0),
(421, '风朗', 64, '雷诺', 0),
(422, '竞悦', 65, '莲花', 0),
(423, '竞速', 65, '莲花', 0),
(424, '莲花L3', 65, '莲花', 0),
(425, '莲花L5', 65, '莲花', 0),
(426, '林肯MKS', 66, '林肯', 0),
(427, '林肯MKT', 66, '林肯', 0),
(428, '林肯MKX', 66, '林肯', 0),
(429, '林肯MKZ', 66, '林肯', 0),
(430, '领航员', 66, '林肯', 0),
(431, '路特斯Elise', 67, '路特斯', 0),
(432, '路特斯Evora', 67, '路特斯', 0),
(433, '路特斯Exige', 67, '路特斯', 0),
(434, '劳伦士smart fortwo', 68, '劳伦士', 0),
(435, '劳伦士奔驰E级', 68, '劳伦士', 0),
(436, '劳伦士奔驰G级', 68, '劳伦士', 0),
(437, '劳伦士奔驰ML级', 68, '劳伦士', 0),
(438, '劳伦士奔驰S级', 68, '劳伦士', 0),
(439, '古思特', 69, '劳斯莱斯', 0),
(440, '幻影', 69, '劳斯莱斯', 0),
(441, '利亚纳', 70, '铃木', 0),
(442, '北斗星', 70, '铃木', 0),
(443, '派喜', 70, '铃木', 0),
(444, '浪迪', 70, '铃木', 0),
(445, '凯泽西', 70, '铃木', 0),
(446, '吉姆尼', 70, '铃木', 0),
(447, '超级维特拉', 70, '铃木', 0),
(448, '天语SX4', 70, '铃木', 0),
(449, '天语·尚悦', 70, '铃木', 0),
(450, '奥拓', 70, '铃木', 0),
(451, '羚羊', 70, '铃木', 0),
(452, '雨燕', 70, '铃木', 0),
(453, '理念S1', 71, '理念', 0),
(454, '雷克萨斯CT', 72, '雷克萨斯', 0),
(455, '雷克萨斯ES', 72, '雷克萨斯', 0),
(456, '雷克萨斯GS', 72, '雷克萨斯', 0),
(457, '雷克萨斯GX', 72, '雷克萨斯', 0),
(458, '雷克萨斯IS', 72, '雷克萨斯', 0),
(459, '雷克萨斯LS', 72, '雷克萨斯', 0),
(460, '雷克萨斯LX', 72, '雷克萨斯', 0),
(461, '雷克萨斯RX', 72, '雷克萨斯', 0),
(462, '雷克萨斯SC', 72, '雷克萨斯', 0),
(463, '陆风X6', 73, '陆风', 0),
(464, '陆风X8', 73, '陆风', 0),
(465, '陆风X9', 73, '陆风', 0),
(466, '风尚', 73, '陆风', 0),
(467, '力帆320', 74, '力帆', 0),
(468, '力帆520', 74, '力帆', 0),
(469, '力帆520i', 74, '力帆', 0),
(470, '力帆620', 74, '力帆', 0),
(471, '力帆X60', 74, '力帆', 0),
(472, '力帆丰顺', 74, '力帆', 0),
(473, '力帆兴顺', 74, '力帆', 0),
(474, '发现3', 75, '路虎', 0),
(475, '揽胜', 75, '路虎', 0),
(476, '揽胜极光', 75, '路虎', 0),
(477, '揽胜运动版', 75, '路虎', 0),
(478, '神行者2', 75, '路虎', 0),
(479, '第四代发现', 75, '路虎', 0),
(480, '路虎卫士', 75, '路虎', 0),
(481, '兰博基尼Aventador', 76, '兰博基尼', 0),
(482, '盖拉多Gallardo', 76, '兰博基尼', 0),
(483, '蝙蝠Murcielago', 76, '兰博基尼', 0),
(484, '雷文顿Reventon', 76, '兰博基尼', 0),
(485, '劳恩斯', 77, '劳恩斯', 0),
(486, '睿翼', 78, '马自达', 0),
(487, '马自达6', 78, '马自达', 0),
(488, '马自达8', 78, '马自达', 0),
(489, '马自达2', 78, '马自达', 0),
(490, '马自达2劲翔', 78, '马自达', 0),
(491, '马自达3', 78, '马自达', 0),
(492, '马自达3星骋', 78, '马自达', 0),
(493, '马自达3(进口)', 78, '马自达', 0),
(494, '马自达5', 78, '马自达', 0),
(495, '马自达CX-5', 78, '马自达', 0),
(496, '马自达CX-7', 78, '马自达', 0),
(497, '马自达MX-5', 78, '马自达', 0),
(498, '马自达RX8', 78, '马自达', 0),
(499, 'MINI', 79, 'MINI', 0),
(500, 'MINI CABRIO', 79, 'MINI', 0),
(501, 'MINI CLUBMAN', 79, 'MINI', 0),
(502, 'MINI COUNTRYMAN', 79, 'MINI', 0),
(503, 'MINI COUPE', 79, 'MINI', 0),
(504, 'MINI ROADSTER', 79, 'MINI', 0),
(505, '迈巴赫', 80, '迈巴赫', 0),
(506, 'MG3', 81, 'MG', 0),
(507, 'MG3SW', 81, 'MG', 0),
(508, 'MG5', 81, 'MG', 0),
(509, 'MG6', 81, 'MG', 0),
(510, 'MG7', 81, 'MG', 0),
(511, 'MGTF', 81, 'MG', 0),
(512, '总裁', 82, '玛莎拉蒂', 0),
(513, '玛莎拉蒂COUPE', 82, '玛莎拉蒂', 0),
(514, '玛莎拉蒂GranCabrio', 82, '玛莎拉蒂', 0),
(515, '玛莎拉蒂GranTurismo', 82, '玛莎拉蒂', 0),
(516, '玛莎拉蒂Spyder', 82, '玛莎拉蒂', 0),
(517, '纳智捷大7 SUV', 83, '纳智捷', 0),
(518, '讴歌MDX', 84, '讴歌', 0),
(519, '讴歌RL', 84, '讴歌', 0),
(520, '讴歌TL', 84, '讴歌', 0),
(521, '讴歌ZDX', 84, '讴歌', 0),
(522, '安德拉', 85, '欧宝', 0),
(523, '赛飞利', 85, '欧宝', 0),
(524, '雅特', 85, '欧宝', 0),
(525, '欧朗', 86, '欧朗', 0),
(526, '东方之子', 87, '奇瑞', 0),
(527, '东方之子Cross', 87, '奇瑞', 0),
(528, '奇瑞A1', 87, '奇瑞', 0),
(529, '奇瑞A3', 87, '奇瑞', 0),
(530, '奇瑞A5', 87, '奇瑞', 0),
(531, '奇瑞E5', 87, '奇瑞', 0),
(532, '奇瑞QQ3', 87, '奇瑞', 0),
(533, '奇瑞QQ6', 87, '奇瑞', 0),
(534, '奇瑞QQme', 87, '奇瑞', 0),
(535, '奇瑞V5', 87, '奇瑞', 0),
(536, '旗云1', 87, '奇瑞', 0),
(537, '旗云2', 87, '奇瑞', 0),
(538, '旗云3', 87, '奇瑞', 0),
(539, '旗云5', 87, '奇瑞', 0),
(540, '旗云之星', 87, '奇瑞', 0),
(541, '瑞虎', 87, '奇瑞', 0),
(542, '风云2', 87, '奇瑞', 0),
(543, '嘉华', 88, '起亚', 0),
(544, '智跑', 88, '起亚', 0),
(545, '狮跑', 88, '起亚', 0),
(546, '福瑞迪', 88, '起亚', 0),
(547, '秀尔', 88, '起亚', 0),
(548, '赛拉图', 88, '起亚', 0),
(549, '起亚K2', 88, '起亚', 0),
(550, '起亚K5', 88, '起亚', 0),
(551, '远舰', 88, '起亚', 0),
(552, '锐欧', 88, '起亚', 0),
(553, '凯尊', 88, '起亚', 0),
(554, '新佳乐', 88, '起亚', 0),
(555, '欧菲莱斯', 88, '起亚', 0),
(556, '索兰托', 88, '起亚', 0),
(557, '起亚VQ', 88, '起亚', 0),
(558, '速迈', 88, '起亚', 0),
(559, '霸锐', 88, '起亚', 0),
(560, '中国龙', 89, '全球鹰', 0),
(561, '全球鹰GC7', 89, '全球鹰', 0),
(562, '全球鹰GX2', 89, '全球鹰', 0),
(563, '全球鹰GX7', 89, '全球鹰', 0),
(564, '熊猫', 89, '全球鹰', 0),
(565, '自由舰', 89, '全球鹰', 0),
(566, '远景', 89, '全球鹰', 0),
(567, '启辰D50', 90, '启辰', 0),
(568, '瑞麒G3', 91, '瑞麒', 0),
(569, '瑞麒G5', 91, '瑞麒', 0),
(570, '瑞麒G6', 91, '瑞麒', 0),
(571, '瑞麒M1', 91, '瑞麒', 0),
(572, '瑞麒M5', 91, '瑞麒', 0),
(573, '瑞麒X1', 91, '瑞麒', 0),
(574, '天籁', 92, '日产', 0),
(575, '奇骏', 92, '日产', 0),
(576, '楼兰', 92, '日产', 0),
(577, '玛驰', 92, '日产', 0),
(578, '轩逸', 92, '日产', 0),
(579, '逍客', 92, '日产', 0),
(580, '阳光', 92, '日产', 0),
(581, '颐达', 92, '日产', 0),
(582, '骊威', 92, '日产', 0),
(583, '骐达', 92, '日产', 0),
(584, '日产350Z', 92, '日产', 0),
(585, '日产GT-R', 92, '日产', 0),
(586, '碧莲', 92, '日产', 0),
(587, '贵士', 92, '日产', 0),
(588, '途乐', 92, '日产', 0),
(589, '奥丁', 92, '日产', 0),
(590, '帅客', 92, '日产', 0),
(591, '帕拉丁', 92, '日产', 0),
(592, '帕拉骐', 92, '日产', 0),
(593, '御轩', 92, '日产', 0),
(594, '日产NV200', 92, '日产', 0),
(595, '锐骐', 92, '日产', 0),
(596, '荣威350', 93, '荣威', 0),
(597, '荣威550', 93, '荣威', 0),
(598, '荣威750', 93, '荣威', 0),
(599, '荣威950', 93, '荣威', 0),
(600, '荣威W5', 93, '荣威', 0),
(601, '世爵C8', 94, '世爵', 0),
(602, '昊锐', 95, '斯柯达', 0),
(603, '明锐', 95, '斯柯达', 0),
(604, '晶锐', 95, '斯柯达', 0),
(605, 'smart fortwo', 96, 'Smart', 0),
(606, '傲虎', 97, '斯巴鲁', 0),
(607, '力狮', 97, '斯巴鲁', 0),
(608, '斯巴鲁XV', 97, '斯巴鲁', 0),
(609, '森林人', 97, '斯巴鲁', 0),
(610, '翼豹', 97, '斯巴鲁', 0),
(611, '翼豹WRX', 97, '斯巴鲁', 0),
(612, '驰鹏', 97, '斯巴鲁', 0),
(613, '萨博9-3', 98, '萨博', 0),
(614, '萨博9-5', 98, '萨博', 0),
(615, '双环SCEO', 99, '双环', 0),
(616, '小贵族', 99, '双环', 0),
(617, '来宝', 99, '双环', 0),
(618, '来旺', 99, '双环', 0),
(619, 'ASX劲炫(进口)', 100, '三菱', 0),
(620, '三菱LancerEvo', 100, '三菱', 0),
(621, '伊柯丽斯', 100, '三菱', 0),
(622, '帕杰罗(进口)', 100, '三菱', 0),
(623, '帕杰罗劲畅', 100, '三菱', 0),
(624, '格蓝迪', 100, '三菱', 0),
(625, '欧蓝德EX', 100, '三菱', 0),
(626, '君阁', 100, '三菱', 0),
(627, '戈蓝', 100, '三菱', 0),
(628, '翼神', 100, '三菱', 0),
(629, '蓝瑟', 100, '三菱', 0),
(630, '享御', 101, '双龙', 0),
(631, '新主席', 101, '双龙', 0),
(632, '柯兰多Korando', 101, '双龙', 0),
(633, '爱腾', 101, '双龙', 0),
(634, '路帝', 101, '双龙', 0),
(635, '雷斯特Ⅱ', 101, '双龙', 0),
(636, '思铭', 10, '本田', 0),
(637, '沃尔沃C30', 103, '沃尔沃', 0),
(638, '沃尔沃C70', 103, '沃尔沃', 0),
(639, '沃尔沃S60', 103, '沃尔沃', 0),
(640, '沃尔沃S80', 103, '沃尔沃', 0),
(641, '沃尔沃V60', 103, '沃尔沃', 0),
(642, '沃尔沃XC60', 103, '沃尔沃', 0),
(643, '沃尔沃XC90', 103, '沃尔沃', 0),
(644, '沃尔沃S40', 103, '沃尔沃', 0),
(645, '沃尔沃S80L', 103, '沃尔沃', 0),
(646, '威麟H3', 104, '威麟', 0),
(647, '威麟H5', 104, '威麟', 0),
(648, '威麟V5', 104, '威麟', 0),
(649, '威麟X5', 104, '威麟', 0),
(650, '五菱之光', 105, '五菱', 0),
(651, '五菱兴旺', 105, '五菱', 0),
(652, '五菱宏光', 105, '五菱', 0),
(653, '五菱扬光', 105, '五菱', 0),
(654, '五菱荣光', 105, '五菱', 0),
(655, '五菱鸿途', 105, '五菱', 0),
(656, '威兹曼MF4', 106, '威兹曼', 0),
(657, '威兹曼MF5', 106, '威兹曼', 0),
(658, '乐风', 107, '雪佛兰', 0),
(659, '乐骋', 107, '雪佛兰', 0),
(660, '景程', 107, '雪佛兰', 0),
(661, '爱唯欧', 107, '雪佛兰', 0),
(662, '科帕奇', 107, '雪佛兰', 0),
(663, '科鲁兹', 107, '雪佛兰', 0),
(664, '赛欧', 107, '雪佛兰', 0),
(665, '迈锐宝', 107, '雪佛兰', 0),
(666, '克尔维特Corvette', 107, '雪佛兰', 0),
(667, '斯帕可Spark', 107, '雪佛兰', 0),
(668, '沃蓝达', 107, '雪佛兰', 0),
(669, '科帕奇(进口)', 107, '雪佛兰', 0),
(670, '科迈罗Camaro', 107, '雪佛兰', 0),
(671, '西雅特Leon', 108, '西雅特', 0),
(672, 'i30', 109, '现代', 0),
(673, '伊兰特', 109, '现代', 0),
(674, '伊兰特Sports', 109, '现代', 0),
(675, '名驭', 109, '现代', 0),
(676, '御翔', 109, '现代', 0),
(677, '悦动', 109, '现代', 0),
(678, '现代ix35', 109, '现代', 0),
(679, '瑞纳', 109, '现代', 0),
(680, '索纳塔', 109, '现代', 0),
(681, '途胜', 109, '现代', 0),
(682, '雅绅特', 109, '现代', 0),
(683, '领翔', 109, '现代', 0),
(684, '劳恩斯-酷派', 109, '现代', 0),
(685, '新胜达', 109, '现代', 0),
(686, '王朝', 109, '现代', 0),
(687, '维拉克斯', 109, '现代', 0),
(688, '美佳', 109, '现代', 0),
(689, '辉翼', 109, '现代', 0),
(690, '酷派', 109, '现代', 0),
(691, '雅尊', 109, '现代', 0),
(692, '飞思Veloster', 109, '现代', 0),
(693, '金龙海狮', 110, '厦门金龙', 0),
(694, '世嘉', 111, '雪铁龙', 0),
(695, '凯旋', 111, '雪铁龙', 0),
(696, '富康', 111, '雪铁龙', 0),
(697, '爱丽舍', 111, '雪铁龙', 0),
(698, '萨拉毕加索', 111, '雪铁龙', 0),
(699, '雪铁龙C2', 111, '雪铁龙', 0),
(700, '雪铁龙C5', 111, '雪铁龙', 0),
(701, '大C4毕加索', 111, '雪铁龙', 0),
(702, '雪铁龙C4', 111, '雪铁龙', 0),
(703, '雪铁龙C4 Aircross', 111, '雪铁龙', 0),
(704, '雪铁龙C6', 111, '雪铁龙', 0),
(705, '英伦SC3', 112, '英伦汽车', 0),
(706, '英伦SC5-RV', 112, '英伦汽车', 0),
(707, '英伦SC7', 112, '英伦汽车', 0),
(708, '英伦TX4', 112, '英伦汽车', 0),
(709, '英伦金刚', 112, '英伦汽车', 0),
(710, '英伦金刚2代', 112, '英伦汽车', 0),
(711, '英伦金鹰CROSS', 112, '英伦汽车', 0),
(712, '佳宝T50', 113, '一汽', 0),
(713, '佳宝T51', 113, '一汽', 0),
(714, '佳宝T57', 113, '一汽', 0),
(715, '佳宝V70', 113, '一汽', 0),
(716, '森雅', 113, '一汽', 0),
(717, '森雅M80', 113, '一汽', 0),
(718, '森雅S80', 113, '一汽', 0),
(719, '自由风', 113, '一汽', 0),
(720, '夏利A+', 113, '一汽', 0),
(721, '夏利N3+', 113, '一汽', 0),
(722, '夏利N5', 113, '一汽', 0),
(723, '威乐', 113, '一汽', 0),
(724, '威姿', 113, '一汽', 0),
(725, '威志', 113, '一汽', 0),
(726, '威志V2', 113, '一汽', 0),
(727, '威志V5', 113, '一汽', 0),
(728, '宝迪', 114, '依维柯', 0),
(729, '得意', 114, '依维柯', 0),
(730, '都灵', 114, '依维柯', 0),
(731, '永源A380', 115, '永源', 0),
(732, '英菲尼迪EX', 116, '英菲尼迪', 0),
(733, '英菲尼迪FX', 116, '英菲尼迪', 0),
(734, '英菲尼迪G', 116, '英菲尼迪', 0),
(735, '英菲尼迪M', 116, '英菲尼迪', 0),
(736, '英菲尼迪QX', 116, '英菲尼迪', 0),
(737, '雅科仕', 117, '雅科仕', 0),
(738, '世纪', 118, '中顺', 0),
(739, '中华H530', 119, '中华', 0),
(740, '中华V5', 119, '中华', 0),
(741, '尊驰', 119, '中华', 0),
(742, '酷宝', 119, '中华', 0),
(743, '骏捷', 119, '中华', 0),
(744, '骏捷Cross', 119, '中华', 0),
(745, '骏捷FRV', 119, '中华', 0),
(746, '骏捷FSV', 119, '中华', 0),
(747, '骏捷Wagon', 119, '中华', 0),
(748, '中欧奔驰房车', 120, '中欧', 0),
(749, '众泰2008', 121, '众泰', 0),
(750, '众泰5008', 121, '众泰', 0),
(751, '众泰M300', 121, '众泰', 0),
(752, '众泰V10', 121, '众泰', 0),
(753, '众泰Z200', 121, '众泰', 0),
(754, '众泰Z200HB', 121, '众泰', 0),
(755, '众泰Z300', 121, '众泰', 0),
(756, '江南TT', 121, '众泰', 0),
(757, '威虎', 122, '中兴', 0),
(758, '旗舰', 122, '中兴', 0),
(759, '无限', 122, '中兴', 0),
(760, '无限V5', 122, '中兴', 0),
(761, '无限V7', 122, '中兴', 0),
(762, '起亚K3', 88, '起亚', 0),
(763, 'XTS', 61, '凯迪拉克', 0),
(764, '朗动', 109, '现代', 0),
(765, '全新胜达', 109, '现代', 0),
(766, '格锐', 109, '现代', 0),
(767, '丰田86', 37, '丰田', 0),
(768, '威飒', 37, '丰田', 0),
(769, '新劲炫ASX', 100, '三菱', 0),
(770, 'D22皮卡', 92, '日产', 0),
(771, 'D22厢式车', 92, '日产', 0),
(772, '凯普斯达', 92, '日产', 0),
(773, '日产370Z', 92, '日产', 0),
(774, '英菲尼迪JX', 116, '英菲尼迪', 0),
(775, '奥迪S6', 1, '奥迪', 0),
(776, '奥迪S7', 1, '奥迪', 0),
(777, '奥迪S8', 1, '奥迪', 0),
(778, '奔驰GL级AMG', 12, '奔驰', 0),
(779, '雪铁龙C4 L', 111, '雪铁龙', 0),
(780, '翼搏', 33, '福特', 0),
(781, '翼虎', 33, '福特', 0),
(782, '凌派', 10, '本田', 0),
(783, '音赛特', 10, '本田', 0),
(784, '福特E系列(进口)', 33, '福特', 0),
(785, '福克斯(进口)', 33, '福特', 0),
(786, 'F系列', 33, '福特', 0),
(787, '福特探险者', 33, '福特', 0),
(788, 'K5（进口）', 88, '起亚', 0),
(789, '宝马3系GT', 6, '宝马', 0),
(790, '宝马5系GT', 6, '宝马', 0),
(791, '荣威E50', 93, '荣威', 0),
(792, '艾瑞泽7', 87, '奇瑞', 0),
(793, '奇瑞QQ', 87, '奇瑞', 0),
(794, '朗行', 27, '大众', 0),
(795, '讴歌ILX', 84, '讴歌', 0),
(796, '讴歌RDX', 84, '讴歌', 0),
(797, '讴歌RLX', 84, '讴歌', 0),
(798, '昂科拉', 14, '别克', 0),
(799, '斯巴鲁BRZ', 97, '斯巴鲁', 0),
(800, '奥迪RS5', 1, '奥迪', 0),
(801, '陆地巡洋舰', 37, '丰田', 0),
(802, 'CX-5', 78, '马自达', 0),
(803, 'ATENZA', 78, '马自达', 0),
(804, '马自达CX-9', 78, '马自达', 0),
(805, '速锐', 8, '比亚迪', 0),
(806, '思锐', 8, '比亚迪', 0),
(807, '沃尔沃V40', 103, '沃尔沃', 0),
(808, '众泰T200', 121, '众泰', 0),
(809, '奔腾X80', 16, '奔腾', 0),
(810, '睿骋', 22, '长安', 0),
(811, '欧力威', 24, '长安商用', 0),
(812, '传祺GA3', 40, '广汽', 0),
(813, '传祺GA5', 40, '广汽', 0),
(814, '传祺GS6', 40, '广汽', 0),
(815, '英伦SX7', 112, '英伦汽车', 0),
(816, '雷斯特W', 101, '双龙', 0),
(817, '爱卡', 59, '开瑞', 0),
(818, 'PACEMAN', 79, 'MINI', 0),
(819, '夏利N7', 113, '一汽', 0),
(820, '佳宝', 113, '一汽', 0),
(821, '星朗', 54, '吉奥', 0),
(822, '星旺L', 54, '吉奥', 0),
(823, '星旺M1', 54, '吉奥', 0),
(824, '星旺M2', 54, '吉奥', 0),
(825, '力帆720', 74, '力帆', 0),
(826, '风景快运', 35, '福田', 0),
(827, '蒙派克S', 35, '福田', 0),
(828, '速派', 95, '斯柯达', 0),
(829, '昕锐', 95, '斯柯达', 0),
(830, 'DS3', 32, 'DS', 0),
(831, 'Superb Combi', 95, '斯柯达', 0),
(832, 'Yeti', 95, '斯柯达', 0),
(833, '卡尔森S级 ', 63, '卡尔森', 0),
(834, '奥迪Q3', 1, '奥迪', 0),
(835, '奥迪A4(进口)', 1, '奥迪', 0),
(836, '奥迪A6', 1, '奥迪', 0),
(837, '标致3008', 15, '标致', 0),
(838, '欧悦搏', 108, '西雅特', 0),
(839, '伊比飒', 108, '西雅特', 0),
(840, '巴博斯 M级', 17, '巴博斯', 0),
(841, '英伦SC6', 112, '英伦汽车', 0),
(842, 'V5菱致', 25, '东南', 0),
(843, 'V6菱仕', 25, '东南', 0),
(844, '飞驰', 5, '宾利', 0),
(845, '纳智捷5 Sedan', 83, '纳智捷', 0),
(846, 'Sienna(海外)', 37, '丰田', 0),
(847, '丰田Wish', 37, '丰田', 0),
(848, '大7 MPV', 83, '纳智捷', 0),
(849, '保时捷Cayenne', 18, '保时捷', 0),
(850, '福美来VS', 43, '海马', 0),
(851, '猎鹰', 115, '永源', 0),
(852, '五星', 115, '永源', 0),
(853, '海马M3', 43, '海马', 0),
(854, '海马S7', 43, '海马', 0),
(855, '凯锐', 52, '江铃', 0),
(856, '小海狮', 56, '金杯', 0),
(857, 'Vanquish', 2, '阿斯顿马丁', 0),
(858, '中华H330', 119, '中华', 0),
(859, '瑞风M5', 57, '江淮', 0),
(860, '瑞风S5', 57, '江淮', 0),
(861, '瑞铃', 57, '江淮', 0),
(862, '陆风X5', 73, '陆风', 0),
(863, '捷豹F-Type', 58, '捷豹', 0),
(864, '锐骐皮卡', 29, '东风', 0),
(865, '锐骐厢式车', 29, '东风', 0),
(866, '路盛E70', 48, '华泰', 0),
(867, '汉兰达(进口)', 37, '丰田', 0),
(868, '丰田海狮', 37, '丰田', 0),
(869, '广汽三菱帕杰罗', 100, '三菱', 0),
(870, '蓝瑟EX(进口)', 100, '三菱', 0),
(871, '雷克萨斯LF-A', 72, '雷克萨斯', 0),
(872, '风景快捷', 35, '福田', 0),
(873, '蒙派克E', 35, '福田', 0),
(874, '科尔维特', 107, '雪佛兰', 0),
(875, '凯雷德 Hybrid', 61, '凯迪拉克', 0),
(876, '奔腾B90', 16, '奔腾', 0),
(877, '星旺CL', 54, '吉奥', 0),
(878, '长安CS35', 22, '长安', 0),
(879, '悦翔V5', 22, '长安', 0),
(880, '长安星光4500', 24, '长安商用', 0),
(881, '启辰R50', 90, '启辰', 0),
(882, '巴博斯 CLS级', 17, '巴博斯', 0),
(883, '巴博斯 SLK级', 17, '巴博斯', 0),
(884, '北斗星X5', 70, '铃木', 0),
(885, '大7 SUV', 83, '纳智捷', 0),
(886, 'MASTER CEO', 83, '纳智捷', 0),
(887, '中华H230', 119, '中华', 0),
(888, '中华H320', 119, '中华', 0),
(889, '明锐RS', 95, '斯柯达', 0);

-- --------------------------------------------------------

--
-- 表的结构 `dict_city`
--

DROP TABLE IF EXISTS `dict_city`;
CREATE TABLE IF NOT EXISTS `dict_city` (
  `id` int(11) NOT NULL AUTO_INCREMENT,
  `city_name` char(255) DEFAULT NULL,
  `pro_id` int(11) DEFAULT NULL,
  `area_id` int(11) DEFAULT NULL,
  `key_title` char(255) DEFAULT NULL,
  `status` int(1) DEFAULT '1' COMMENT '是否有效，1为有效，0未无效',
  `no_info` char(20) DEFAULT NULL,
  PRIMARY KEY (`id`)
) ENGINE=MyISAM  DEFAULT CHARSET=utf8 COMMENT='城市' AUTO_INCREMENT=392 ;

--
-- 转存表中的数据 `dict_city`
--

INSERT INTO `dict_city` (`id`, `city_name`, `pro_id`, `area_id`, `key_title`, `status`, `no_info`) VALUES
(1, '北京', 1, NULL, 'B', 1, NULL),
(2, '天津', 2, NULL, 'T', 1, NULL),
(3, '上海', 3, NULL, 'S', 1, NULL),
(4, '重庆', 4, NULL, 'C', 1, NULL),
(5, '石家庄', 5, NULL, 'S', 1, NULL),
(6, '唐山', 5, NULL, 'T', 1, NULL),
(7, '秦皇岛', 5, NULL, 'Q', 1, NULL),
(8, '邯郸', 5, NULL, 'G', 1, NULL),
(9, '邢台', 5, NULL, 'J', 1, NULL),
(10, '保定', 5, NULL, 'B', 1, NULL),
(11, '张家口', 5, NULL, 'Z', 1, NULL),
(12, '承德', 5, NULL, 'C', 1, NULL),
(13, '沧州', 5, NULL, 'C', 1, NULL),
(14, '廊坊', 5, NULL, 'L', 1, NULL),
(15, '衡水', 5, NULL, 'H', 1, NULL),
(16, '太原', 6, NULL, 'T', 1, NULL),
(17, '大同', 6, NULL, 'D', 1, NULL),
(18, '阳泉', 6, NULL, 'Y', 1, NULL),
(19, '长治', 6, NULL, 'C', 1, NULL),
(20, '晋城', 6, NULL, 'J', 1, NULL),
(21, '朔州', 6, NULL, 'S', 1, NULL),
(22, '晋中', 6, NULL, 'J', 1, NULL),
(23, '运城', 6, NULL, 'Y', 1, NULL),
(24, '忻州', 6, NULL, 'Q', 1, NULL),
(25, '临汾', 6, NULL, 'L', 1, NULL),
(26, '吕梁', 6, NULL, 'L', 1, NULL),
(27, '台北', 7, NULL, 'T', 1, NULL),
(28, '高雄', 7, NULL, 'G', 1, NULL),
(29, '基隆', 7, NULL, 'J', 1, NULL),
(30, '台中', 7, NULL, 'T', 1, NULL),
(31, '台南', 7, NULL, 'T', 1, NULL),
(32, '新竹', 7, NULL, 'X', 1, NULL),
(33, '嘉义', 7, NULL, 'J', 1, NULL),
(34, '台北县', 7, NULL, 'T', 1, NULL),
(35, '宜兰县', 7, NULL, 'Y', 1, NULL),
(36, '桃园县', 7, NULL, 'T', 1, NULL),
(37, '新竹县', 7, NULL, 'X', 1, NULL),
(38, '苗栗县', 7, NULL, 'M', 1, NULL),
(39, '台中县', 7, NULL, 'T', 1, NULL),
(40, '彰化县', 7, NULL, 'Z', 1, NULL),
(41, '南投县', 7, NULL, 'N', 1, NULL),
(42, '云林县', 7, NULL, 'Y', 1, NULL),
(43, '嘉义县', 7, NULL, 'J', 1, NULL),
(44, '台南县', 7, NULL, 'T', 1, NULL),
(45, '高雄县', 7, NULL, 'G', 1, NULL),
(46, '屏东县', 7, NULL, 'P', 1, NULL),
(47, '澎湖县', 7, NULL, 'P', 1, NULL),
(48, '台东县', 7, NULL, 'T', 1, NULL),
(49, '花莲县', 7, NULL, 'H', 1, NULL),
(50, '沈阳', 8, NULL, 'S', 1, NULL),
(51, '大连', 8, NULL, 'D', 1, NULL),
(52, '鞍山', 8, NULL, 'A', 1, NULL),
(53, '抚顺', 8, NULL, 'F', 1, NULL),
(54, '本溪', 8, NULL, 'B', 1, NULL),
(55, '丹东', 8, NULL, 'D', 1, NULL),
(56, '锦州', 8, NULL, 'J', 1, NULL),
(57, '营口', 8, NULL, 'Y', 1, NULL),
(58, '阜新', 8, NULL, 'F', 1, NULL),
(59, '辽阳', 8, NULL, 'L', 1, NULL),
(60, '盘锦', 8, NULL, 'P', 1, NULL),
(61, '铁岭', 8, NULL, 'T', 1, NULL),
(62, '朝阳', 8, NULL, 'Z', 1, NULL),
(63, '葫芦岛', 8, NULL, 'H', 1, NULL),
(64, '长春', 9, NULL, 'C', 1, NULL),
(65, '吉林', 9, NULL, 'J', 1, NULL),
(66, '四平', 9, NULL, 'S', 1, NULL),
(67, '辽源', 9, NULL, 'L', 1, NULL),
(68, '通化', 9, NULL, 'T', 1, NULL),
(69, '白山', 9, NULL, 'B', 1, NULL),
(70, '松原', 9, NULL, 'S', 1, NULL),
(71, '白城', 9, NULL, 'B', 1, NULL),
(72, '延边朝鲜族自治州', 9, NULL, 'Y', 1, NULL),
(73, '哈尔滨', 10, NULL, 'H', 1, NULL),
(74, '齐齐哈尔', 10, NULL, 'Q', 1, NULL),
(75, '鹤岗', 10, NULL, 'H', 1, NULL),
(76, '双鸭山', 10, NULL, 'S', 1, NULL),
(77, '鸡', 10, NULL, 'J', 1, NULL),
(78, '大庆', 10, NULL, 'D', 1, NULL),
(79, '伊春', 10, NULL, 'Y', 1, NULL),
(80, '牡丹江', 10, NULL, 'M', 1, NULL),
(81, '佳木斯', 10, NULL, 'J', 1, NULL),
(82, '七台河', 10, NULL, 'Q', 1, NULL),
(83, '黑河', 10, NULL, 'H', 1, NULL),
(84, '绥化', 10, NULL, 'S', 1, NULL),
(85, '大兴安岭地区', 10, NULL, 'D', 1, NULL),
(86, '南京', 11, NULL, 'N', 1, NULL),
(87, '无锡', 11, NULL, 'W', 1, NULL),
(88, '徐州', 11, NULL, 'X', 1, NULL),
(89, '常州', 11, NULL, 'C', 1, NULL),
(90, '苏州', 11, NULL, 'S', 1, NULL),
(91, '南通', 11, NULL, 'N', 1, NULL),
(92, '连云港', 11, NULL, 'L', 1, NULL),
(93, '淮安', 11, NULL, 'H', 1, NULL),
(94, '盐城', 11, NULL, 'Y', 1, NULL),
(95, '扬州', 11, NULL, 'Y', 1, NULL),
(96, '镇江', 11, NULL, 'Z', 1, NULL),
(97, '泰州', 11, NULL, 'T', 1, NULL),
(98, '宿迁', 11, NULL, 'S', 1, NULL),
(99, '杭州', 12, NULL, 'H', 1, NULL),
(100, '宁波', 12, NULL, 'N', 1, NULL),
(101, '温州', 12, NULL, 'W', 1, NULL),
(102, '嘉兴', 12, NULL, 'J', 1, NULL),
(103, '湖州', 12, NULL, 'H', 1, NULL),
(104, '绍兴', 12, NULL, 'X', 1, NULL),
(105, '金华', 12, NULL, 'J', 1, NULL),
(106, '衢州', 12, NULL, 'Q', 1, NULL),
(107, '舟山', 12, NULL, 'Z', 1, NULL),
(108, '台州', 12, NULL, 'T', 1, NULL),
(109, '丽水', 12, NULL, 'L', 1, NULL),
(110, '合肥', 13, NULL, 'H', 1, NULL),
(111, '芜湖', 13, NULL, 'W', 1, NULL),
(112, '蚌埠', 13, NULL, 'F', 1, NULL),
(113, '淮南', 13, NULL, 'H', 1, NULL),
(114, '马鞍山', 13, NULL, 'M', 1, NULL),
(115, '淮北', 13, NULL, 'H', 1, NULL),
(116, '铜陵', 13, NULL, 'T', 1, NULL),
(117, '安庆', 13, NULL, 'A', 1, NULL),
(118, '黄山', 13, NULL, 'H', 1, NULL),
(119, '滁州', 13, NULL, 'C', 1, NULL),
(120, '阜阳', 13, NULL, 'F', 1, NULL),
(121, '宿州', 13, NULL, 'S', 1, NULL),
(122, '巢湖', 13, NULL, 'C', 1, NULL),
(123, '六安', 13, NULL, 'L', 1, NULL),
(124, '亳州', 13, NULL, 'H', 1, NULL),
(125, '池州', 13, NULL, 'C', 1, NULL),
(126, '宣城', 13, NULL, 'X', 1, NULL),
(127, '福州', 14, NULL, 'F', 1, NULL),
(128, '厦门', 14, NULL, 'X', 1, NULL),
(129, '莆田', 14, NULL, 'P', 1, NULL),
(130, '三明', 14, NULL, 'S', 1, NULL),
(131, '泉州', 14, NULL, 'Q', 1, NULL),
(132, '漳州', 14, NULL, 'Z', 1, NULL),
(133, '南平', 14, NULL, 'N', 1, NULL),
(134, '龙岩', 14, NULL, 'L', 1, NULL),
(135, '宁德', 14, NULL, 'N', 1, NULL),
(136, '南昌', 15, NULL, 'N', 1, NULL),
(137, '景德镇', 15, NULL, 'J', 1, NULL),
(138, '萍乡', 15, NULL, 'P', 1, NULL),
(139, '九江', 15, NULL, 'J', 1, NULL),
(140, '新余', 15, NULL, 'X', 1, NULL),
(141, '鹰潭', 15, NULL, 'Y', 1, NULL),
(142, '赣州', 15, NULL, 'G', 1, NULL),
(143, '吉安', 15, NULL, 'J', 1, NULL),
(144, '宜春', 15, NULL, 'Y', 1, NULL),
(145, '抚州', 15, NULL, 'F', 1, NULL),
(146, '上饶', 15, NULL, 'S', 1, NULL),
(147, '济南', 16, NULL, 'J', 1, NULL),
(148, '青岛', 16, NULL, 'Q', 1, NULL),
(149, '淄博', 16, NULL, 'Z', 1, NULL),
(150, '枣庄', 16, NULL, 'Z', 1, NULL),
(151, '东营', 16, NULL, 'D', 1, NULL),
(152, '烟台', 16, NULL, 'Y', 1, NULL),
(153, '潍坊', 16, NULL, 'W', 1, NULL),
(154, '济宁', 16, NULL, 'J', 1, NULL),
(155, '泰安', 16, NULL, 'T', 1, NULL),
(156, '威海', 16, NULL, 'W', 1, NULL),
(157, '日照', 16, NULL, 'R', 1, NULL),
(158, '莱芜', 16, NULL, 'L', 1, NULL),
(159, '临沂', 16, NULL, 'L', 1, NULL),
(160, '德州', 16, NULL, 'D', 1, NULL),
(161, '聊城', 16, NULL, 'L', 1, NULL),
(162, '滨州', 16, NULL, 'B', 1, NULL),
(163, '菏泽', 16, NULL, 'H', 1, NULL),
(164, '郑州', 17, NULL, 'Z', 1, NULL),
(165, '开封', 17, NULL, 'K', 1, NULL),
(166, '洛阳', 17, NULL, 'L', 1, NULL),
(167, '平顶山', 17, NULL, 'P', 1, NULL),
(168, '安阳', 17, NULL, 'A', 1, 'rr'),
(169, '鹤壁', 17, NULL, 'H', 1, NULL),
(170, '新乡', 17, NULL, 'X', 1, NULL),
(171, '焦作', 17, NULL, 'J', 1, NULL),
(172, '濮阳', 17, NULL, 'P', 1, NULL),
(173, '许昌', 17, NULL, 'X', 1, NULL),
(174, '漯河', 17, NULL, 'L', 1, NULL),
(175, '三门峡', 17, NULL, 'S', 1, NULL),
(176, '南阳', 17, NULL, 'N', 1, NULL),
(177, '商丘', 17, NULL, 'S', 1, NULL),
(178, '信阳', 17, NULL, 'X', 1, NULL),
(179, '周口', 17, NULL, 'Z', 1, NULL),
(180, '驻马店', 17, NULL, 'Z', 1, NULL),
(181, '济源', 17, NULL, 'J', 1, NULL),
(182, '武汉', 18, NULL, 'W', 1, NULL),
(183, '黄石', 18, NULL, 'H', 1, NULL),
(184, '十堰', 18, NULL, 'S', 1, NULL),
(185, '荆州', 18, NULL, 'J', 1, NULL),
(186, '宜昌', 18, NULL, 'Y', 1, NULL),
(187, '襄樊', 18, NULL, 'X', 1, NULL),
(188, '鄂州', 18, NULL, 'E', 1, NULL),
(189, '荆门', 18, NULL, 'J', 1, NULL),
(190, '孝感', 18, NULL, 'X', 1, NULL),
(191, '黄冈', 18, NULL, 'H', 1, NULL),
(192, '咸宁', 18, NULL, 'X', 1, NULL),
(193, '随州', 18, NULL, 'X', 1, NULL),
(194, '仙桃', 18, NULL, 'X', 1, NULL),
(195, '天门', 18, NULL, 'T', 1, NULL),
(196, '潜江', 18, NULL, 'Q', 1, NULL),
(197, '神农架林区', 18, NULL, 'S', 1, NULL),
(198, '恩施土家族苗族自治州', 18, NULL, 'E', 1, NULL),
(199, '长沙', 19, NULL, 'C', 1, NULL),
(200, '株洲', 19, NULL, 'Z', 1, NULL),
(201, '湘潭', 19, NULL, 'X', 1, NULL),
(202, '衡阳', 19, NULL, 'H', 1, NULL),
(203, '邵阳', 19, NULL, 'X', 1, NULL),
(204, '岳阳', 19, NULL, 'Y', 1, NULL),
(205, '常德', 19, NULL, 'C', 1, NULL),
(206, '张家界', 19, NULL, 'Z', 1, NULL),
(207, '益阳', 19, NULL, 'Y', 1, NULL),
(208, '郴州', 19, NULL, 'C', 1, NULL),
(209, '永州', 19, NULL, 'Y', 1, NULL),
(210, '怀化', 19, NULL, 'H', 1, NULL),
(211, '娄底', 19, NULL, 'L', 1, NULL),
(212, '湘西土家族苗族自治州', 19, NULL, 'X', 1, NULL),
(213, '广州', 20, NULL, 'G', 1, NULL),
(214, '深圳', 20, NULL, 'S', 1, NULL),
(215, '珠海', 20, NULL, 'Z', 1, NULL),
(216, '汕头', 20, NULL, 'S', 1, NULL),
(217, '韶关', 20, NULL, 'S', 1, NULL),
(218, '佛山', 20, NULL, 'F', 1, NULL),
(219, '江门', 20, NULL, 'J', 1, NULL),
(220, '湛江', 20, NULL, 'Z', 1, NULL),
(221, '茂名', 20, NULL, 'M', 1, NULL),
(222, '肇庆', 20, NULL, 'Z', 1, NULL),
(223, '惠州', 20, NULL, 'H', 1, NULL),
(224, '梅州', 20, NULL, 'M', 1, NULL),
(225, '汕尾', 20, NULL, 'S', 1, NULL),
(226, '河源', 20, NULL, 'H', 1, NULL),
(227, '阳江', 20, NULL, 'Y', 1, NULL),
(228, '清远', 20, NULL, 'Q', 1, NULL),
(229, '东莞', 20, NULL, 'D', 1, NULL),
(230, '中山', 20, NULL, 'Z', 1, NULL),
(231, '潮州', 20, NULL, 'C', 1, NULL),
(232, '揭阳', 20, NULL, 'YJ', 1, NULL),
(233, '云浮', 20, NULL, '', 1, NULL),
(234, '兰州', 21, NULL, 'L', 1, NULL),
(235, '金昌', 21, NULL, 'J', 1, NULL),
(236, '白银', 21, NULL, 'B', 1, NULL),
(237, '天水', 21, NULL, 'T', 1, NULL),
(238, '嘉峪关', 21, NULL, 'J', 1, NULL),
(239, '武威', 21, NULL, 'W', 1, NULL),
(240, '张掖', 21, NULL, 'Z', 1, NULL),
(241, '平凉', 21, NULL, 'P', 1, NULL),
(242, '酒泉', 21, NULL, 'J', 1, NULL),
(243, '庆阳', 21, NULL, 'Q', 1, NULL),
(244, '定西', 21, NULL, 'D', 1, NULL),
(245, '陇南', 21, NULL, 'L', 1, NULL),
(246, '临夏回族自治州', 21, NULL, 'L', 1, NULL),
(247, '甘南藏族自治州', 21, NULL, 'G', 1, NULL),
(248, '成都', 22, NULL, 'C', 1, NULL),
(249, '自贡', 22, NULL, 'Z', 1, NULL),
(250, '攀枝花', 22, NULL, 'P', 1, NULL),
(251, '泸州', 22, NULL, 'L', 1, NULL),
(252, '德阳', 22, NULL, 'D', 1, NULL),
(253, '绵阳', 22, NULL, 'M', 1, NULL),
(254, '广元', 22, NULL, 'G', 1, NULL),
(255, '遂宁', 22, NULL, 'S', 1, NULL),
(256, '内江', 22, NULL, 'N', 1, NULL),
(257, '乐山', 22, NULL, 'L', 1, NULL),
(258, '南充', 22, NULL, 'N', 1, NULL),
(259, '眉山', 22, NULL, 'M', 1, NULL),
(260, '宜宾', 22, NULL, 'Y', 1, NULL),
(261, '广安', 22, NULL, 'G', 1, NULL),
(262, '达州', 22, NULL, 'D', 1, NULL),
(263, '雅安', 22, NULL, 'Y', 1, NULL),
(264, '巴中', 22, NULL, 'B', 1, NULL),
(265, '资阳', 22, NULL, 'Z', 1, NULL),
(266, '阿坝藏族羌族自治州', 22, NULL, 'A', 1, NULL),
(267, '甘孜藏族自治州', 22, NULL, 'G', 1, NULL),
(268, '凉山彝族自治州', 22, NULL, 'L', 1, NULL),
(269, '贵阳', 24, NULL, 'G', 1, NULL),
(270, '六盘水', 24, NULL, 'L', 1, NULL),
(271, '遵义', 24, NULL, 'Z', 1, NULL),
(272, '安顺', 24, NULL, 'A', 1, NULL),
(273, '铜仁地区', 24, NULL, 'T', 1, NULL),
(274, '毕节地区', 24, NULL, 'B', 1, NULL),
(275, '黔西南布依族苗族自治州', 24, NULL, 'Q', 1, NULL),
(276, '黔东南苗族侗族自治州', 24, NULL, 'Q', 1, NULL),
(277, '黔南布依族苗族自治州', 24, NULL, 'Q', 1, NULL),
(278, '海口', 25, NULL, 'H', 1, NULL),
(279, '三亚', 25, NULL, 'S', 1, NULL),
(280, '五指山', 25, NULL, 'W', 1, NULL),
(281, '琼海', 25, NULL, 'Q', 1, NULL),
(282, '儋州', 25, NULL, 'D', 1, NULL),
(283, '文昌', 25, NULL, 'W', 1, NULL),
(284, '万宁', 25, NULL, 'W', 1, NULL),
(285, '东方', 25, NULL, 'D', 1, NULL),
(286, '澄迈县', 25, NULL, 'C', 1, NULL),
(287, '定安县', 25, NULL, 'D', 1, NULL),
(288, '屯昌县', 25, NULL, 'T', 1, NULL),
(289, '临高县', 25, NULL, 'L', 1, NULL),
(290, '白沙黎族自治县', 25, NULL, 'B', 1, NULL),
(291, '昌江黎族自治县', 25, NULL, 'C', 1, NULL),
(292, '乐东黎族自治县', 25, NULL, 'L', 1, NULL),
(293, '陵水黎族自治县', 25, NULL, 'L', 1, NULL),
(294, '保亭黎族苗族自治县', 25, NULL, 'B', 1, NULL),
(295, '琼中黎族苗族自治县', 25, NULL, 'Q', 1, NULL),
(296, '昆明', 26, NULL, 'K', 1, NULL),
(297, '曲靖', 26, NULL, 'Q', 1, NULL),
(298, '玉溪', 26, NULL, 'Y', 1, NULL),
(299, '保山', 26, NULL, 'B', 1, NULL),
(300, '昭通', 26, NULL, 'Z', 1, NULL),
(301, '丽江', 26, NULL, 'L', 1, NULL),
(302, '思茅', 26, NULL, 'S', 1, NULL),
(303, '临沧', 26, NULL, 'L', 1, NULL),
(304, '文山壮族苗族自治州', 26, NULL, 'W', 1, NULL),
(305, '红河哈尼族彝族自治州', 26, NULL, 'H', 1, NULL),
(306, '西双版纳傣族自治州', 26, NULL, 'X', 1, NULL),
(307, '楚雄彝族自治州', 26, NULL, 'C', 1, NULL),
(308, '大理白族自治州', 26, NULL, 'D', 1, NULL),
(309, '德宏傣族景颇族自治州', 26, NULL, 'D', 1, NULL),
(310, '怒江傈傈族自治州', 26, NULL, 'N', 1, NULL),
(311, '迪庆藏族自治州', 26, NULL, 'D', 1, NULL),
(312, '西宁', 27, NULL, 'X', 1, NULL),
(313, '海东地区', 27, NULL, 'H', 1, NULL),
(314, '海北藏族自治州', 27, NULL, 'H', 1, NULL),
(315, '黄南藏族自治州', 27, NULL, 'H', 1, NULL),
(316, '海南藏族自治州', 27, NULL, 'H', 1, NULL),
(317, '果洛藏族自治州', 27, NULL, 'G', 1, NULL),
(318, '玉树藏族自治州', 27, NULL, 'Y', 1, NULL),
(319, '海西蒙古族藏族自治州', 27, NULL, 'H', 1, NULL),
(320, '西安', 28, NULL, 'X', 1, NULL),
(321, '铜川', 28, NULL, 'T', 1, NULL),
(322, '宝鸡', 28, NULL, 'B', 1, NULL),
(323, '咸阳', 28, NULL, 'X', 1, NULL),
(324, '渭南', 28, NULL, 'W', 1, NULL),
(325, '延安', 28, NULL, 'Y', 1, NULL),
(326, '汉中', 28, NULL, 'H', 1, NULL),
(327, '榆林', 28, NULL, 'Y', 1, NULL),
(328, '安康', 28, NULL, 'A', 1, NULL),
(329, '商洛', 28, NULL, 'S', 1, NULL),
(330, '南宁', 29, NULL, 'N', 1, NULL),
(331, '柳州', 29, NULL, 'L', 1, NULL),
(332, '桂林', 29, NULL, 'G', 1, NULL),
(333, '梧州', 29, NULL, 'W', 1, NULL),
(334, '北海', 29, NULL, 'B', 1, NULL),
(335, '防城港', 29, NULL, 'F', 1, NULL),
(336, '钦州', 29, NULL, 'Q', 1, NULL),
(337, '贵港', 29, NULL, 'G', 1, NULL),
(338, '玉林', 29, NULL, 'Y', 1, NULL),
(339, '百色', 29, NULL, 'B', 1, NULL),
(340, '贺州', 29, NULL, 'H', 1, NULL),
(341, '河池', 29, NULL, 'H', 1, NULL),
(342, '来宾', 29, NULL, 'L', 1, NULL),
(343, '崇左', 29, NULL, 'C', 1, NULL),
(344, '拉萨', 30, NULL, 'L', 1, NULL),
(345, '那曲地区', 30, NULL, 'N', 1, NULL),
(346, '昌都地区', 30, NULL, 'C', 1, NULL),
(347, '山南地区', 30, NULL, 'S', 1, NULL),
(348, '日喀则地区', 30, NULL, 'R', 1, NULL),
(349, '阿里地区', 30, NULL, 'A', 1, NULL),
(350, '林芝地区', 30, NULL, 'L', 1, NULL),
(351, '银川', 31, NULL, 'Y', 1, NULL),
(352, '石嘴山', 31, NULL, 'S', 1, NULL),
(353, '吴忠', 31, NULL, 'W', 1, NULL),
(354, '固原', 31, NULL, 'G', 1, NULL),
(355, '中卫', 31, NULL, 'Z', 1, NULL),
(356, '乌鲁木齐', 32, NULL, 'W', 1, NULL),
(357, '克拉玛依', 32, NULL, 'K', 1, NULL),
(358, '石河子　', 32, NULL, 'S', 1, NULL),
(359, '阿拉尔', 32, NULL, 'A', 1, NULL),
(360, '图木舒克', 32, NULL, 'T', 1, NULL),
(361, '五家渠', 32, NULL, 'W', 1, NULL),
(362, '吐鲁番', 32, NULL, 'K', 1, NULL),
(363, '阿克苏', 32, NULL, 'A', 1, NULL),
(364, '喀什', 32, NULL, 'K', 1, NULL),
(365, '哈密', 32, NULL, 'H', 1, NULL),
(366, '和田', 32, NULL, 'H', 1, NULL),
(367, '阿图什', 32, NULL, 'A', 1, NULL),
(368, '库尔勒', 32, NULL, 'K', 1, NULL),
(369, '昌吉　', 32, NULL, 'K', 1, NULL),
(370, '阜康', 32, NULL, 'F', 1, NULL),
(371, '米泉', 32, NULL, 'M', 1, NULL),
(372, '博乐', 32, NULL, 'B', 1, NULL),
(373, '伊宁', 32, NULL, 'Y', 1, NULL),
(374, '奎屯', 32, NULL, 'K', 1, NULL),
(375, '塔城', 32, NULL, 'T', 1, NULL),
(376, '乌苏', 32, NULL, 'W', 1, NULL),
(377, '阿勒泰', 32, NULL, 'A', 1, NULL),
(378, '呼和浩特', 33, NULL, 'F', 1, NULL),
(379, '包头', 33, NULL, 'B', 1, NULL),
(380, '乌海', 33, NULL, 'W', 1, NULL),
(381, '赤峰', 33, NULL, 'C', 1, NULL),
(382, '通辽', 33, NULL, 'T', 1, NULL),
(383, '鄂尔多斯', 33, NULL, 'E', 1, NULL),
(384, '呼伦贝尔', 33, NULL, 'F', 1, NULL),
(385, '巴彦淖尔', 33, NULL, 'B', 1, NULL),
(386, '乌兰察布', 33, NULL, 'W', 1, NULL),
(387, '锡林郭勒盟', 33, NULL, 'X', 1, NULL),
(388, '兴安盟', 33, NULL, 'X', 1, NULL),
(389, '阿拉善盟', 33, NULL, 'A', 1, NULL),
(390, '澳门特别行政区', 34, NULL, 'A', 1, NULL),
(391, '香港特别行政区', 35, NULL, 'X', 1, NULL);

-- --------------------------------------------------------

--
-- 表的结构 `dict_media_type`
--

DROP TABLE IF EXISTS `dict_media_type`;
CREATE TABLE IF NOT EXISTS `dict_media_type` (
  `id` int(11) NOT NULL AUTO_INCREMENT,
  `name` char(20) NOT NULL,
  `is_valid` tinyint(1) NOT NULL DEFAULT '1',
  PRIMARY KEY (`id`)
) ENGINE=InnoDB  DEFAULT CHARSET=utf8 COMMENT='媒体类别字典' AUTO_INCREMENT=6 ;

--
-- 转存表中的数据 `dict_media_type`
--

INSERT INTO `dict_media_type` (`id`, `name`, `is_valid`) VALUES
(1, '新闻', 1),
(2, '论坛', 1),
(3, '微博', 1),
(4, '博客', 1),
(5, '其它', 1);

-- --------------------------------------------------------

--
-- 表的结构 `dict_province`
--

DROP TABLE IF EXISTS `dict_province`;
CREATE TABLE IF NOT EXISTS `dict_province` (
  `id` int(11) unsigned NOT NULL AUTO_INCREMENT,
  `name` char(255) NOT NULL COMMENT '省',
  `aera_id` int(11) NOT NULL COMMENT '区域ID',
  `area_name` char(50) NOT NULL COMMENT '区域名称',
  `simple_name` char(255) DEFAULT NULL COMMENT '省简写',
  `is_valid` tinyint(1) NOT NULL DEFAULT '1' COMMENT '0:无效 1:有效',
  PRIMARY KEY (`id`)
) ENGINE=MyISAM  DEFAULT CHARSET=utf8 COMMENT='省份' AUTO_INCREMENT=36 ;

--
-- 转存表中的数据 `dict_province`
--

INSERT INTO `dict_province` (`id`, `name`, `aera_id`, `area_name`, `simple_name`, `is_valid`) VALUES
(1, '北京市', 0, '', '京', 1),
(2, '天津市', 0, '', '津', 1),
(3, '上海市', 0, '', '沪', 1),
(4, '重庆市', 0, '', '渝', 1),
(5, '河北省', 0, '', '冀', 1),
(6, '山西省', 0, '', '晋', 1),
(7, '台湾省', 0, '', '台', 1),
(8, '辽宁省', 0, '', '辽', 1),
(9, '吉林省', 0, '', '吉', 1),
(10, '黑龙江省', 0, '', '黑', 1),
(11, '江苏省', 0, '', '苏', 1),
(12, '浙江省', 0, '', '浙', 1),
(13, '安徽省', 0, '', '皖', 1),
(14, '福建省', 0, '', '闽', 1),
(15, '江西省', 0, '', '赣', 1),
(16, '山东省', 0, '', '鲁', 1),
(17, '河南省', 0, '', '豫', 1),
(18, '湖北省', 0, '', '鄂', 1),
(19, '湖南省', 0, '', '湘', 1),
(20, '广东省', 0, '', '粤', 1),
(21, '甘肃省', 0, '', '甘', 1),
(22, '四川省', 0, '', '川', 1),
(24, '贵州省', 0, '', '贵', 1),
(25, '海南省', 0, '', '琼', 1),
(26, '云南省', 0, '', '云', 1),
(27, '青海省', 0, '', '青', 1),
(28, '陕西省', 0, '', '陕', 1),
(29, '广西壮族自治区', 0, '', '桂', 1),
(30, '西藏自治区', 0, '', '藏', 1),
(31, '宁夏回族自治区', 0, '', '宁', 1),
(32, '新疆维吾尔自治区', 0, '', '新', 1),
(33, '内蒙古自治区', 0, '', '蒙', 1),
(34, '澳门特别行政区', 0, '', '澳门', 1),
(35, '香港特别行政区', 0, '', '香港', 1);

-- --------------------------------------------------------

--
-- 表的结构 `industry_article`
--

DROP TABLE IF EXISTS `industry_article`;
CREATE TABLE IF NOT EXISTS `industry_article` (
  `id` bigint(20) NOT NULL AUTO_INCREMENT,
  `title` char(100) DEFAULT NULL,
  `content` varchar(250) DEFAULT NULL COMMENT '内容',
  `url` char(100) DEFAULT NULL COMMENT '原文链接',
  `media_id` int(11) DEFAULT NULL COMMENT '媒体ID',
  `ctime` datetime DEFAULT NULL,
  PRIMARY KEY (`id`)
) ENGINE=InnoDB DEFAULT CHARSET=utf8 COMMENT='行业动态' AUTO_INCREMENT=1 ;

--
-- 转存表中的数据 `industry_article`
--


-- --------------------------------------------------------

--
-- 表的结构 `industry_cloud`
--

DROP TABLE IF EXISTS `industry_cloud`;
CREATE TABLE IF NOT EXISTS `industry_cloud` (
  `id` bigint(20) NOT NULL AUTO_INCREMENT,
  `industry_article_id` bigint(20) NOT NULL,
  `cloud_id` bigint(20) NOT NULL,
  PRIMARY KEY (`id`)
) ENGINE=InnoDB DEFAULT CHARSET=utf8 COMMENT='行业热点云和行业资讯的关系表' AUTO_INCREMENT=1 ;

--
-- 转存表中的数据 `industry_cloud`
--


-- --------------------------------------------------------

--
-- 表的结构 `industry_comment`
--

DROP TABLE IF EXISTS `industry_comment`;
CREATE TABLE IF NOT EXISTS `industry_comment` (
  `id` bigint(20) NOT NULL AUTO_INCREMENT,
  `industry_article_id` bigint(20) NOT NULL,
  `content` varchar(200) NOT NULL,
  `affection` tinyint(4) NOT NULL DEFAULT '0' COMMENT '情感（1好评，0中评，-1差评）',
  `ctime` int(11) NOT NULL,
  PRIMARY KEY (`id`)
) ENGINE=InnoDB DEFAULT CHARSET=utf8 COMMENT='行业新闻评论' AUTO_INCREMENT=1 ;

--
-- 转存表中的数据 `industry_comment`
--


-- --------------------------------------------------------

--
-- 表的结构 `industry_keyword`
--

DROP TABLE IF EXISTS `industry_keyword`;
CREATE TABLE IF NOT EXISTS `industry_keyword` (
  `id` bigint(20) NOT NULL AUTO_INCREMENT,
  `industry_article_id` bigint(20) NOT NULL,
  `keyword_id` bigint(20) NOT NULL,
  PRIMARY KEY (`id`)
) ENGINE=InnoDB DEFAULT CHARSET=utf8 COMMENT='行业资讯和关键字对应表' AUTO_INCREMENT=1 ;

--
-- 转存表中的数据 `industry_keyword`
--


-- --------------------------------------------------------

--
-- 表的结构 `keyword`
--

DROP TABLE IF EXISTS `keyword`;
CREATE TABLE IF NOT EXISTS `keyword` (
  `id` bigint(20) NOT NULL AUTO_INCREMENT,
  `name` varchar(50) DEFAULT NULL,
  `is_industry` tinyint(1) NOT NULL DEFAULT '0' COMMENT '是否为行业资讯关键字',
  `ctime` datetime NOT NULL,
  PRIMARY KEY (`id`)
) ENGINE=InnoDB DEFAULT CHARSET=utf8 COMMENT='关键词' AUTO_INCREMENT=1 ;

--
-- 转存表中的数据 `keyword`
--


-- --------------------------------------------------------

--
-- 表的结构 `media_info`
--

DROP TABLE IF EXISTS `media_info`;
CREATE TABLE IF NOT EXISTS `media_info` (
  `id` int(11) NOT NULL DEFAULT '0',
  `name` char(20) DEFAULT NULL,
  `url` char(255) DEFAULT NULL,
  `media_type_id` tinyint(1) DEFAULT '0',
  `is_valid` tinytext COMMENT '1有效，0无效',
  `ctime` datetime DEFAULT NULL,
  PRIMARY KEY (`id`)
) ENGINE=InnoDB DEFAULT CHARSET=utf8 COMMENT='数据来源（网站）';

--
-- 转存表中的数据 `media_info`
--


-- --------------------------------------------------------

--
-- 表的结构 `ral_group`
--

DROP TABLE IF EXISTS `ral_group`;
CREATE TABLE IF NOT EXISTS `ral_group` (
  `group_id` int(11) NOT NULL AUTO_INCREMENT COMMENT '集团ID',
  `name` varchar(30) DEFAULT NULL COMMENT '集团名称',
  `parent_id` int(11) DEFAULT NULL COMMENT '集团ID父id',
  `code` char(255) DEFAULT NULL COMMENT '集团编码',
  `level` int(11) DEFAULT NULL COMMENT '级别(排序)',
  `is_leaf` int(11) DEFAULT NULL COMMENT '是否是叶子，0为叶子节点,1为根节点',
  `message` char(255) DEFAULT NULL COMMENT '备注',
  `update_time` datetime DEFAULT NULL COMMENT '修改时间',
  `disabled` int(11) DEFAULT '1' COMMENT '是否有效，默认1为有效',
  `create_time` datetime DEFAULT NULL COMMENT '创建时间',
  PRIMARY KEY (`group_id`)
) ENGINE=InnoDB  DEFAULT CHARSET=utf8 AUTO_INCREMENT=3 ;

--
-- 转存表中的数据 `ral_group`
--

INSERT INTO `ral_group` (`group_id`, `name`, `parent_id`, `code`, `level`, `is_leaf`, `message`, `update_time`, `disabled`, `create_time`) VALUES
(1, '中国人保PICC', 0, '10001', 0, 1, '中国人保PICC', '2013-09-06 17:30:53', 1, '2013-09-06 17:30:53'),
(2, '中国人保深圳分公司', 1, '20001', 0, 0, '中国人保深圳分公司', '2013-09-06 17:31:18', 1, '2013-09-06 17:31:18');

-- --------------------------------------------------------

--
-- 表的结构 `ral_org`
--

DROP TABLE IF EXISTS `ral_org`;
CREATE TABLE IF NOT EXISTS `ral_org` (
  `org_id` int(11) NOT NULL AUTO_INCREMENT COMMENT '组织ID',
  `name` varchar(30) DEFAULT NULL COMMENT '组织名称',
  `is_leaf` int(4) DEFAULT NULL COMMENT '是否是叶子，0为叶子节点,1为根节点',
  `code` char(255) DEFAULT NULL COMMENT '组织编码',
  `parent_id` int(11) DEFAULT NULL COMMENT '组织父ID',
  `group_id` int(11) DEFAULT NULL COMMENT '所属集团ID',
  `orders` int(11) DEFAULT NULL COMMENT '排序',
  `message` varchar(255) DEFAULT NULL COMMENT '描述',
  `disabled` int(11) DEFAULT '1' COMMENT '是否有效，默认为1有效',
  `create_time` datetime DEFAULT NULL COMMENT '创建时间',
  `update_time` datetime DEFAULT NULL COMMENT '修改时间',
  `city_id` int(11) DEFAULT NULL COMMENT '所在城市ID',
  PRIMARY KEY (`org_id`)
) ENGINE=InnoDB DEFAULT CHARSET=utf8 AUTO_INCREMENT=1 ;

--
-- 转存表中的数据 `ral_org`
--


-- --------------------------------------------------------

--
-- 表的结构 `ral_resource`
--

DROP TABLE IF EXISTS `ral_resource`;
CREATE TABLE IF NOT EXISTS `ral_resource` (
  `resource_id` int(11) NOT NULL AUTO_INCREMENT COMMENT '资源id',
  `name` varchar(255) COLLATE utf8_unicode_ci DEFAULT NULL COMMENT '资源名称',
  `url` varchar(255) COLLATE utf8_unicode_ci DEFAULT NULL COMMENT '资源地址',
  `icon` varchar(255) COLLATE utf8_unicode_ci DEFAULT NULL COMMENT '图标',
  `parent_id` int(11) DEFAULT NULL COMMENT '父资源id',
  `level` int(11) DEFAULT NULL,
  `is_leaf` int(11) DEFAULT NULL COMMENT '是否是叶子',
  `message` varchar(255) COLLATE utf8_unicode_ci DEFAULT NULL COMMENT '描述',
  `type` int(11) DEFAULT NULL COMMENT '0为系统资源，1未用户资源，2即是系统资源又是用户资源',
  PRIMARY KEY (`resource_id`)
) ENGINE=InnoDB DEFAULT CHARSET=utf8 COLLATE=utf8_unicode_ci AUTO_INCREMENT=1 ;

--
-- 转存表中的数据 `ral_resource`
--


-- --------------------------------------------------------

--
-- 表的结构 `ral_role`
--

DROP TABLE IF EXISTS `ral_role`;
CREATE TABLE IF NOT EXISTS `ral_role` (
  `role_id` int(11) NOT NULL AUTO_INCREMENT COMMENT '角色id',
  `name` varchar(255) COLLATE utf8_unicode_ci DEFAULT NULL COMMENT '角色名称',
  `org_id` int(11) DEFAULT NULL COMMENT '组织机构ID',
  `message` varchar(255) COLLATE utf8_unicode_ci DEFAULT NULL COMMENT ' 角色描述',
  PRIMARY KEY (`role_id`)
) ENGINE=InnoDB DEFAULT CHARSET=utf8 COLLATE=utf8_unicode_ci AUTO_INCREMENT=1 ;

--
-- 转存表中的数据 `ral_role`
--


-- --------------------------------------------------------

--
-- 表的结构 `ral_role_resources`
--

DROP TABLE IF EXISTS `ral_role_resources`;
CREATE TABLE IF NOT EXISTS `ral_role_resources` (
  `role_id` int(11) NOT NULL DEFAULT '0' COMMENT '角色id',
  `resources_id` int(11) NOT NULL DEFAULT '0' COMMENT '资源id',
  PRIMARY KEY (`role_id`,`resources_id`)
) ENGINE=InnoDB DEFAULT CHARSET=utf8 COLLATE=utf8_unicode_ci;

--
-- 转存表中的数据 `ral_role_resources`
--


-- --------------------------------------------------------

--
-- 表的结构 `ral_user`
--

DROP TABLE IF EXISTS `ral_user`;
CREATE TABLE IF NOT EXISTS `ral_user` (
  `user_id` int(11) NOT NULL AUTO_INCREMENT COMMENT '用户id',
  `login_name` char(50) DEFAULT NULL COMMENT '登录名',
  `password` char(40) DEFAULT NULL COMMENT '密码',
  `name` char(30) DEFAULT NULL COMMENT '姓名',
  `phone` char(255) DEFAULT NULL COMMENT '电话',
  `email` char(255) DEFAULT NULL COMMENT '邮件',
  `org_id` int(11) DEFAULT NULL COMMENT '组织ID(系统管理员未-1)',
  `is_manager` int(11) DEFAULT NULL COMMENT '是否为管理员，0为管理员,1为普通用户',
  `level` int(11) DEFAULT NULL COMMENT '级别(排序)',
  `message` varchar(255) DEFAULT NULL COMMENT '备注',
  `city_id` int(11) DEFAULT NULL COMMENT '所属城市ID',
  `disabled` int(1) DEFAULT '0' COMMENT '账号是否启用，默认为1启用',
  `create_time` datetime DEFAULT NULL COMMENT '创建日期',
  `update_time` datetime DEFAULT NULL,
  PRIMARY KEY (`user_id`)
) ENGINE=InnoDB DEFAULT CHARSET=utf8 AUTO_INCREMENT=1 ;

--
-- 转存表中的数据 `ral_user`
--


-- --------------------------------------------------------

--
-- 表的结构 `ral_user_role`
--

DROP TABLE IF EXISTS `ral_user_role`;
CREATE TABLE IF NOT EXISTS `ral_user_role` (
  `user_id` int(11) NOT NULL DEFAULT '0' COMMENT '用户id',
  `role_id` int(11) NOT NULL DEFAULT '0' COMMENT '角色id',
  PRIMARY KEY (`user_id`,`role_id`)
) ENGINE=InnoDB DEFAULT CHARSET=utf8 COLLATE=utf8_unicode_ci;

--
-- 转存表中的数据 `ral_user_role`
--


-- --------------------------------------------------------

--
-- 表的结构 `user_info`
--

DROP TABLE IF EXISTS `user_info`;
CREATE TABLE IF NOT EXISTS `user_info` (
  `id` int(11) NOT NULL AUTO_INCREMENT,
  `login_name` char(50) NOT NULL COMMENT '登录表',
  `display_name` char(50) NOT NULL COMMENT '显示名称',
  `passwd` char(64) NOT NULL,
  `email` varchar(50) NOT NULL,
  `ctime` datetime NOT NULL,
  PRIMARY KEY (`id`)
) ENGINE=InnoDB DEFAULT CHARSET=utf8 COMMENT='用户表' AUTO_INCREMENT=1 ;

--
-- 转存表中的数据 `user_info`
--


-- --------------------------------------------------------

--
-- 表的结构 `viewpoint`
--

DROP TABLE IF EXISTS `viewpoint`;
CREATE TABLE IF NOT EXISTS `viewpoint` (
  `id` int(11) NOT NULL AUTO_INCREMENT,
  `name` char(20) DEFAULT NULL COMMENT '观点名称',
  `is_manual` tinyint(1) NOT NULL DEFAULT '0' COMMENT '0: 系统自动 1:手工添加',
  `affection` int(2) NOT NULL DEFAULT '0' COMMENT '情感说明 1:正面 0:中性 -1：负面',
  `is_valid` tinyint(1) NOT NULL DEFAULT '1' COMMENT '1:有效 0:无效',
  `ctime` datetime DEFAULT NULL,
  PRIMARY KEY (`id`)
) ENGINE=InnoDB DEFAULT CHARSET=utf8 COMMENT='观点表' AUTO_INCREMENT=1 ;

--
-- 转存表中的数据 `viewpoint`
--

